adult,genre_ids,id,origin_country,original_language,original_name,overview,popularity,first_air_date,softcore,name,vote_average,vote_count,genre_names
False,"18, 35",18495,['KR'],ko,논스톱,"Nonstop is a South Korean slice-of-life sitcom that broadcast its first season in 2000 on MBC. It continued with 5 more seasons. The series was popular for its cast of teen idols, many who debuted through the show..",124.1732,2000-05-15,False,Nonstop,5.333,6,"Drama, Comedy"
False,"18, 35",291496,['KR'],ko,이런 엿같은 사랑,An ambitious prosecutor loses her memory and moves in with a boxing coach who claims to be her boyfriend. Can this sticky situation turn into real love?,53.8042,2026-08-07,False,Our Sticky Love,8.632,87,"Drama, Comedy"
False,"80, 18, 9648",290193,['KR'],ko,들쥐,"A reclusive writer wakes to find his identity stolen — and must ally with a ruthless loan shark to reclaim his life from a man known as ""The Rat.""",51.4772,2026-08-28,False,Mousetrap,7.969,32,"Crime, Drama, Mystery"
False,"10759, 18, 35",276161,['KR'],ko,참교육,An inspector from the Educational Rights Protection Bureau (ERPB) who is authorized by the government to use physical intervention and unconventional methods to discipline delinquent students and reform the educational system.,50.1768,2026-06-05,False,Teach You a Lesson,9.406,878,"Action & Adventure, Drama, Comedy"
False,"10759, 9648, 18",93405,['KR'],ko,오징어 게임,"Hundreds of cash-strapped players accept a strange invitation to compete in children's games. Inside, a tempting prize awaits — with deadly high stakes.",49.4496,2021-09-17,False,Squid Game,7.854,17732,"Action & Adventure, Mystery, Drama"
False,"10759, 18",200709,['KR'],ko,약한영웅,"With the aid of unexpected friends, a gifted but introverted student confronts bullies and violent foes — unaware of how dangerous his world will become.",45.9777,2022-11-18,False,Weak Hero,8.697,523,"Action & Adventure, Drama"
False,18,134864,['KR'],ko,MBC 베스트극장,No overview available,43.1681,1991-07-07,False,MBC Bests Theater,7.0,1,Drama
False,"10759, 80, 18",296206,['KR'],ko,김부장,"When an unassuming dad's daughter goes missing, he dusts off his old black-ops skills to track her down — only to attract the wrong kind of attention.",39.9222,2026-06-26,False,Agent Kim Reactivated,8.458,166,"Action & Adventure, Crime, Drama"
False,"18, 10759, 80",127529,['KR'],ko,사냥개들,"Faced with ruthless foes with a violent thirst, two young boxers band together — risking life and limb to bring justice and protect their loved ones.",39.8632,2023-06-09,False,Bloodhounds,8.509,795,"Drama, Action & Adventure, Crime"
False,"18, 10759, 9648",215072,['KR'],ko,킬러들의 쇼핑몰,A niece who lost her parents and grew up in the hands of an uncle who runs a shopping mall faces a new truth after her uncle's sudden death.,39.3361,2024-01-17,False,A Shop for Killers,8.487,239,"Drama, Action & Adventure, Mystery"
False,18,305644,['KR'],ko,포핸즈,"When two young pianists from completely different worlds meet at an elite music high school, the melodies of their lives become intimately intertwined.",38.2609,2026-08-29,False,"Four Hands, Two Sonatas",9.538,13,Drama
False,18,68398,['KR'],ko,낭만닥터 김사부,"An eccentric, triple board-certified virtuoso surgeon leaves a top job in Seoul and ends up at a provincial hospital, where he mentors young doctors.",37.969,2016-11-07,False,Dr. Romantic,8.103,131,Drama
False,18,219246,['KR'],ko,폭싹 속았수다,"In Jeju, a spirited girl and a steadfast boy's island story blossoms into a lifelong tale of setbacks and triumphs — proving love endures across time.",36.594,2025-03-07,False,When Life Gives You Tangerines,8.792,581,Drama
False,"18, 35",218539,['KR'],ko,마이데몬,"A pitiless demon becomes powerless after getting entangled with an icy heiress, who may hold the key to his lost abilities — and his heart.",33.8314,2023-11-24,False,My Demon,8.458,683,"Drama, Comedy"
False,"18, 10759, 9648, 80",294095,['KR'],ko,유부녀 킬러,"A seemingly ordinary working mother secretly lives as a legendary sniper who delivers justice where the law fails. After returning from a three-year hiatus, she must balance protecting her family with eliminating dangerous criminals, all while a determined journalist and a relentless detective close in on her hidden identity.",32.9196,2026-07-31,False,A Bona Fide Killer,8.0,4,"Drama, Action & Adventure, Mystery, Crime"
False,"10759, 80, 18",119769,['KR'],ko,모범택시,A former special forces soldier delivers revenge for victims of injustice while working for a secret organization that fronts as a taxi company.,32.1221,2021-04-09,False,Taxi Driver,8.178,213,"Action & Adventure, Crime, Drama"
False,"10759, 18, 10765",99966,['KR'],ko,지금 우리 학교는,A high school becomes ground zero for a zombie virus outbreak. Trapped students must fight their way out — or turn into one of the rabid infected.,30.1627,2022-01-28,False,All of Us Are Dead,8.3,4463,"Action & Adventure, Drama, Sci-Fi & Fantasy"
False,"35, 18",296140,['KR'],ko,최애의 사원,"A dedicated fangirl lands a job at a fashion company, only to discover it was co-founded by her ultimate idol. Determined to remain professional, she hides her identity, but is quickly thrown off course by the company's workaholic CEO. As secret unrequited feelings and hidden personal struggles entangle the trio, she finds herself torn between her lifelong obsession and an unexpected new connection.",29.9648,2026-08-03,False,"My Bias, My Boss",7.5,8,"Comedy, Drama"
False,"35, 18, 10751",302926,['KR'],ko,마리와 별난 아빠들,"Kang Ma Ri has always longed for her father, but her search takes an unexpected turn when three men suddenly step into her life. This leads to the birth of an eccentric new family, one that proves stronger than blood and more persistent than DNA.",29.0272,2025-10-13,False,Marie and Her Three Daddies,0.0,0,"Comedy, Drama, Family"
False,"35, 18",112888,['KR'],ko,여신강림,"After being bullied and discriminated because of her ugly looks, a high school girl transforms herself into a gorgeous ""goddess"" and quickly rises to fame after mastering the art of makeup via online tutorial videos.",28.7203,2020-12-09,False,True Beauty,8.28,2717,"Comedy, Drama"
False,"18, 35, 10765",303143,['KR'],ko,멋진 신세계,A Joseon-era villain doomed to die opens her eyes in modern-day Seoul — where a ruthless chaebol heir may be her last chance to rewrite her fate.,27.75,2026-05-08,False,My Royal Nemesis,8.9,101,"Drama, Comedy, Sci-Fi & Fantasy"
False,18,83893,['KR'],ko,KBS 드라마 스페셜,"Forget the existing one-act dramas! Short but impactive! KBS Drama Special presents high quality single episode dramas. Dramas are the broadcast content with the widest public appeal. KBS Drama Special will produce short dramas of far-reaching impact involving at times a serious social message, unique emotions or perspectives. It will stay abreast of modern viewership.",27.3551,2010-05-15,False,KBS Drama Special,7.4,5,Drama
False,"18, 35",215720,['KR'],ko,눈물의 여왕,The queen of department stores and the prince of supermarkets weather a marital crisis—until love miraculously begins to bloom again.,26.906,2024-03-09,False,Queen of Tears,8.4,510,"Drama, Comedy"
False,"18, 10765, 10759, 9648",135157,['KR'],ko,환혼,"A powerful sorceress in a blind woman's body encounters a man from a prestigious family, who wants her help to change his destiny.",26.4646,2022-06-18,False,Alchemy of Souls,8.584,816,"Drama, Sci-Fi & Fantasy, Action & Adventure, Mystery"
False,18,275102,['KR'],ko,스캔들,"In Joseon, a secret proposal ignites hidden desires in a gifted noblewoman, a famed lover and an unsuspecting lady caught in their dangerous game.",25.9783,2026-09-18,False,The Scandal,0.0,0,Drama
False,"35, 18",278573,['KR'],ko,21세기 대군부인,"In 21st-century Korea under a constitutional monarchy, a chaebol heiress with everything but status tries to take control of her future after crossing paths with a lonely prince with nothing but his title. Together, bound by a contract marriage, they begin a class-defying romance to rewrite destiny.",24.8063,2026-04-10,False,Perfect Crown,9.122,205,"Comedy, Drama"
False,"18, 9648, 10759",113268,['KR'],ko,경이로운 소문,"A group of supernatural demon hunters known as ""Counters,"" each with unique abilities, disguise themselves as employees of a noodle restaurant, while tracking down evil spirits that terrorize the mortal world.",24.687,2020-11-28,False,The Uncanny Counter,8.347,454,"Drama, Mystery, Action & Adventure"
False,"18, 80, 9648, 10759",220074,['KR'],ko,재벌X형사,A chaebol cop joins forces with a gritty detective to take down criminals with a touch of wealth and a whole lot of wit.,24.5767,2024-01-26,False,Flex X Cop,7.8,47,"Drama, Crime, Mystery, Action & Adventure"
False,"35, 10765, 18",298610,['KR'],ko,오싹한 연애,"When a ghost-seeing heir and an ace prosecutor learn that a single touch makes them a strangely effective duo, they team up to crack unsolved murders.",24.1546,2026-07-18,False,Spooky in Love,8.7,78,"Comedy, Sci-Fi & Fantasy, Drama"
False,"18, 10765, 35",67915,['KR'],ko,쓸쓸하고 찬란하神-도깨비,"In his quest for a bride to break his immortal curse, a 939-year-old guardian of souls meets a grim reaper and a sprightly student with a tragic past.",23.6853,2016-12-02,False,Guardian: The Lonely and Great God,8.617,3123,"Drama, Sci-Fi & Fantasy, Comedy"
False,18,307478,['KR'],ko,라이어,"The story of two men and women who, the day after their perfect first date, are swept away in an unexpected direction in a storm of truth and lies.",23.608,2026-10-09,False,The Perfect Lie,0.0,0,Drama
False,18,310033,['KR'],ko,붉은 진주,"A woman wrongfully believed to be dead returns with her child, while another woman assumes her twin sister’s identity to seek revenge. Years later, a woman who looks identical to a murdered daughter appears and abandons her own identity to avenge her father. As both women sacrifice their identities for revenge, what fate awaits them?",23.2486,2026-02-23,False,Pearl in Red,0.0,0,Drama
False,"80, 10765, 18",282810,['KR'],ko,판사 이한영,"The return of corrupt judge Lee Han-young, who was a slave to a large law firm, to the past 10 years ago. He makes new choices to punish evil and implement justice.",23.1304,2026-01-02,False,The Judge Returns,8.1,23,"Crime, Sci-Fi & Fantasy, Drama"
False,"18, 80",136283,['KR'],ko,더 글로리,"Years after surviving horrific abuse in high school, a woman puts an elaborate revenge scheme in motion to make the perpetrators pay for their crimes.",22.5914,2022-12-30,False,The Glory,8.468,952,"Drama, Crime"
False,"10759, 35, 10765, 18",259837,['KR'],ko,원더풀스,"A goofy group of townies stumbles into superpowers and fights rising evil as doomsday panic grows in this wild, turn-of-the-century action comedy.",22.316,2026-05-15,False,The WONDERfools,8.9,258,"Action & Adventure, Comedy, Sci-Fi & Fantasy, Drama"
False,"18, 35",134465,['KR'],ko,크레이지 러브,"No Go Jin is the most popular mathematics instructor in the private education field and the CEO of GOTOP Education. Even though he has only a high school level education, he has achieved all of his success due to his extreme intelligence. He seems like a perfect man with a handsome appearance, high IQ, and wealth. He is also narcissistic. One day, he is suddenly warned that he will be murdered.

Lee Shin A works as No Go Jin’s secretary. She is a diligent and responsible employee. Due to her quiet and introverted personality, she has little presence with her boss No Go Jin and her colleagues at work. Her colleagues begin to recognize her, because she has worked for the notorious No Go Jin for more than 1 year. She then learns that she does not have much time left to live.",21.2858,2022-03-07,False,Crazy Love,7.7,81,"Drama, Comedy"
False,18,201859,['KR'],ko,수업중입니다,"In a college class where students are paired up and sent on dates, a sophomore is partnered with an upperclassman whose gentle kindness steals his heart.",20.9685,2022-05-13,False,Love Class,7.1,28,Drama
False,"18, 9648",99489,['KR'],ko,펜트하우스,"A woman puts everything on the line to achieve her goal of being able to move into a luxury penthouse in the Gangnam District. In the process, she gradually finds herself turning into a monster.",20.8049,2020-10-26,False,The Penthouse,8.3,258,"Drama, Mystery"
False,"18, 35",96102,['KR'],ko,슬기로운 의사생활,"Every day is extraordinary for five doctors and their patients inside a hospital, where birth, death and everything in between coexist.",20.5548,2020-03-12,False,Hospital Playlist,8.6,177,"Drama, Comedy"
False,"80, 10751, 18",303076,['KR'],ko,첫 번째 남자,A drama depicting a life-threatening confrontation between a woman who takes another person's life for revenge and a woman who takes another person's life for her own desires.,20.4615,2025-12-15,False,The First Man,3.8,2,"Crime, Family, Drama"
False,18,211261,['KR'],ko,소방서 옆 경찰서,A police station and a fire station adjoining each other cooperate in combating crime and fire in the most brutal and tragic cases.,18.3979,2022-11-12,False,The First Responders,8.033,45,Drama
False,18,1293,['KR'],ko,부부클리닉 사랑과 전쟁,"The Clinic for Married Couples: Love and War, aka Husbands and Wives: Love or War, is a South Korean TV program.",18.9841,1999-10-22,False,The Clinic for Married Couples: Love and War,0.0,0,Drama
False,"9648, 18, 80",155226,['KR'],ko,빅마우스,"A lawyer with a ten-percent winning rate is caught up in a murder case and becomes the notorious and genius con artist, Big Mouse, overnight. In order to survive and protect his family, he tries to reveal the true colors of the privileged people involved in a huge conspiracy.",17.4619,2022-07-29,False,Big Mouth,8.346,363,"Mystery, Drama, Crime"
False,"18, 35",301412,['KR'],ko,그대에게 드림,"Two high school classmates bond over a shared love of filmmaking, turning a deep friendship into first love before an unexpected separation tears them apart. Years later, they reunite with their lives completely transformed—she’s lost her passion, while he’s become a celebrated director. Determined to reignite her dreams, he must first confront the hurt he left behind.",17.3465,2026-07-13,False,Dream to You,9.467,15,"Drama, Comedy"
False,"18, 35",94796,['KR'],ko,사랑의 불시착,"A paragliding mishap drops a South Korean heiress in North Korea -- and into the life of an army officer, who decides he will help her hide.",17.013,2019-12-14,False,Crash Landing on You,8.536,966,"Drama, Comedy"
False,"18, 10751",211224,['KR'],ko,착한 사나이,"Seok-cheol, the eldest son in a family of three generations of gangsters, navigates the tumultuous ups and downs of life with tears and laughter, all to protect his family, career, and love.",18.2662,2025-07-18,False,The Nice Guy,6.5,20,"Drama, Family"
False,"35, 18, 10751, 10749, 10765",64770,['KR'],ko,감자별 2013QR3,"A mysterious asteroid crash-lands on Earth in 2013 and causes all sorts of weird things to start happening, specifically to the Noh family and their neighbors.",20.5886,2013-09-23,False,Potato Star 2013QR3,7.0,2,"Comedy, Drama, Family, Unknown, Sci-Fi & Fantasy"
False,18,197067,['KR'],ko,이상한 변호사 우영우,"With a genius-level IQ, Woo Young-woo learns to embrace her extraordinary self while forming a tight-knit community of friends and allies.",15.7934,2022-06-29,False,Extraordinary Attorney Woo,8.488,981,Drama
False,"9648, 18, 10759",126485,['KR'],ko,무빙,"Children who live in hiding with superpowers, along with their parents who live with painful secrets of the past, face enormous dangers together.",30.7799,2023-08-09,False,Moving,8.5,307,"Mystery, Drama, Action & Adventure"
False,"80, 18",239385,['KR'],ko,조각도시,"Taejoong's life is torn apart when he's framed for a heinous crime and imprisoned. Discovering it was all orchestrated by someone on the outside, he embarks on a rage-fueled quest for revenge.",18.4725,2025-11-05,False,The Manipulated,8.34,141,"Crime, Drama"
False,"18, 35",241454,['KR'],ko,엄마친구아들,A woman attempting to reboot her life returns to Korea and becomes entangled with her childhood friend — with whom she shares a complicated history.,16.0469,2024-08-17,False,Love Next Door,7.9,287,"Drama, Comedy"
False,"35, 18",48462,['KR'],ko,상속자들,"After a chance encounter in LA, two teens from different social backgrounds reunite at an exclusive high school attended by Korea's über rich.",15.5122,2013-10-09,False,The Heirs,7.755,678,"Comedy, Drama"
False,"80, 35, 18",301418,['KR'],ko,지금 불륜이 문제가 아닙니다,"A successful entrepreneur with a seemingly perfect life sees everything fall apart after discovering her husband covering up a murder allegedly committed by their daughter. As the family scrambles to hide the truth, an anonymous blackmailer claims to have recorded everything, pulling them into a dangerous web of lies, secrets, and betrayal.",15.4739,2026-07-31,False,The Affair Was Just the Beginning,8.9,8,"Crime, Comedy, Drama"
False,"35, 18, 10768",66256,['KR'],ko,구르미 그린 달빛,"A young Joseon woman who's lived her whole life as a man ends up as a eunuch in the royal palace, where she begins to bond with the crown prince.",15.4913,2016-08-22,False,Love in the Moonlight,6.977,108,"Comedy, Drama, War & Politics"
False,"9648, 18",285838,['KR'],ko,기리고,"A mysterious app promises wishes — then starts a countdown to death. As a group of teens becomes entangled, they must break the deadly chain to survive.",17.4042,2026-04-24,False,If Wishes Could Kill,8.086,191,"Mystery, Drama"
False,"35, 18, 10765, 80",203164,['KR'],ko,힘쎈여자 강남순,"Gifted with superhuman strength, a young woman returns to Korea to find her birth family — only to be entangled in a drug case that could test her power.",14.8296,2023-10-07,False,Strong Girl Nam-soon,7.7,154,"Comedy, Drama, Sci-Fi & Fantasy, Crime"
False,"18, 10765, 35, 9648",230923,['KR'],ko,선재 업고 튀어,"Right after Ryu Sun-jae, a top star, ends his life, Im Sol, his top fan, somehow ends up at a time when they were in high school and tries to protect him. A fantasy romance unfolds where people who missed each other in time finally meet.",14.1081,2024-04-08,False,Lovely Runner,8.63,299,"Drama, Sci-Fi & Fantasy, Comedy, Mystery"
False,"9648, 80, 18",322055,['KR'],ko,검사실의 제안,"A victim’s son and a killer’s son reunite as a prosecutor and investigator, fighting systemic corruption while becoming each other's salvation.",14.9991,2026-06-25,False,The Prosecutor's Proposal,6.63,27,"Mystery, Crime, Drama"
False,"35, 18",154825,['KR'],ko,사내맞선,"In disguise as her friend, Ha-ri shows up to a blind date to scare him away. But plans go awry when he turns out to be her CEO — and makes a proposal.",14.9368,2022-02-28,False,Business Proposal,8.475,794,"Comedy, Drama"
False,"10759, 35, 18",233347,['KR'],ko,스터디그룹,"A struggling student at Korea's worst high school forms a study group while protecting his classmates with his fighting skills, hoping to overcome academic challenges and secure a spot in college.",15.4809,2025-01-23,False,Study Group,8.6,160,"Action & Adventure, Comedy, Drama"
False,"35, 18",222767,['KR'],ko,Long Time No Sex,"Woo Jin and Samuel, a sexless married couple, are utterly fed up with their lives. To improve their circumstances, they choose to earn money by blackmailing unfaithful couples. As they track down these couples, they find financial stability and rediscover their own connection. They start working on their own issues, but the more they delve into it, the hidden truth resurfaces, complicating their journey. What is the truth that they have been avoiding?",16.1587,2024-01-19,False,Long Time No Sex,7.5,31,"Comedy, Drama"
False,"80, 18",246473,['KR'],ko,메이드 인 코리아,"In 1970s South Korea, follow two men on opposite sides of power — one driven by ambition, the other by justice. As their worlds collide, greed, loyalty, and survival intertwine in a battle that will shape a nation.",16.1361,2025-12-24,False,Made in Korea,8.1,30,"Crime, Drama"
False,"10765, 9648, 10759, 18",135238,['KR'],ko,경성크리처,"Gyeongseong, 1945. In Seoul's grim era under colonial rule, an entrepreneur and a sleuth fight for survival and face a monster born out of human greed.",16.0633,2023-12-22,False,Gyeongseong Creature,7.95,330,"Sci-Fi & Fantasy, Mystery, Action & Adventure, Drama"
False,"10765, 18",212204,['KR'],ko,반짝이는 워터멜론,"A CODA (child of deaf adult) student born with a gift for music crash lands at an unfamiliar place after time traveling through a suspicious music shop. There, he forms the band Watermelon Sugar with other mysterious youths.",16.0117,2023-09-25,False,Twinkling Watermelon,8.81,168,"Sci-Fi & Fantasy, Drama"
False,18,197678,['KR'],ko,종합병원,No overview available,16.0055,1994-04-17,False,종합병원,0.0,0,Drama
False,"18, 10765, 35",221851,['KR'],ko,내 남편과 결혼해줘,"Kang Ji-won, a terminally ill cancer patient, is killed by her husband and best friend after she witnesses them having an affair. She wakes up 10 years before the incident and decides to seek revenge with the help of Yu Ji-hyuk, a director at the company where she works. Now, she must reclaim her fate and eliminate the trash from her life.",15.6656,2024-01-01,False,Marry My Husband,8.498,716,"Drama, Sci-Fi & Fantasy, Comedy"
False,"10765, 35, 18",228689,['KR'],ko,다 이루어질지니,"After a thousand years, a quirky genie returns to grant wishes to a woman born without feelings. Can his magic bring love and wonder to her world?",15.6161,2025-10-03,False,"Genie, Make a Wish",7.865,137,"Sci-Fi & Fantasy, Comedy, Drama"
False,"80, 35, 18",293608,['KR'],ko,언더커버 미쓰홍,"A retro office comedy depicting the chaotic events that unfold in the late 1990s when Sammo Hung, a 30-year-old elite securities supervisor who only cares about work, goes undercover as a 20-year-old high school graduate employee at a securities firm where suspicious money flows are detected.",15.6099,2026-01-17,False,Undercover Miss Hong,8.455,33,"Crime, Comedy, Drama"
False,"35, 18",16420,['KR'],ko,꽃보다 남자,"A poor high school student earns a scholarship to an elite academy, where she clashes with the most popular boy in school!",15.6074,2009-01-05,False,Boys Over Flowers,8.27,1849,"Comedy, Drama"
False,"18, 35",198004,['KR'],ko,킹더랜드,"Amid a tense inheritance fight, a charming heir clashes with his hardworking employee who's known for her irresistible smile — which he cannot stand.",15.4066,2023-06-17,False,King the Land,8.212,638,"Drama, Comedy"
False,"10759, 35, 18, 80",117376,['KR'],ko,빈센조,"During a visit to his motherland, a Korean-Italian Mafia lawyer gives an unrivaled conglomerate a taste of its own medicine  with a side of justice.",15.235,2021-02-20,False,Vincenzo,8.518,1100,"Action & Adventure, Comedy, Drama, Crime"
False,18,128847,['KR'],ko,노란 손수건,"Sang-min wants success in life, and in pursuit of success, he abandons his ten-year relationship with Ja-yeong to marry his boss’ daughter, Min-ju. Ja-yeong finds herself pregnant and raising a child alone. When Sang-min finds out, the battle over custody of child begins. This drama became a number one hit and captured more than 30% of viewers during its broadcast while unraveling the mysteries of waiting, forgiveness and above all - the value of love.",15.204,2003-02-03,False,Yellow Handkerchief,10.0,1,Drama
False,"10765, 18",70649,['KR'],ko,당신이 잠든 사이에,"Nam Hong Ju, endowed with the ability to foresee events, resides with her widowed mother who runs a small restaurant. Despite her gift, she often finds herself powerless to change the outcomes. On the other side of the street, Jung Jae Chan, a rookie prosecutor, and his younger brother Seung Won become their new neighbors. An unusual dream involving Hong Ju, ruthless attorney Lee Yu Beom, and a life-saving intervention leads Jae Chan to realize their destinies are intertwined, as they begin sharing dreams and connecting in mysterious ways.",15.1961,2017-09-27,False,While You Were Sleeping,8.367,158,"Sci-Fi & Fantasy, Drama"
False,18,55015,['KR'],ko,종합병원,"Jung Ha Yoon is a graduate student who successfully passed the bar exam. However, she is not finished as she wants to be a medical malpractice litigation specialist. She works at a hospital to look to gain experience and there she meets other doctors who work there.",14.9987,2008-11-19,False,General Hospital 2,4.1,7,Drama
False,"10759, 18",232766,['KR'],ko,광장,"After severing ties with his gang, a former gangster returns to uncover the truth behind his brother's death — embarking on a relentless path of revenge.",14.9516,2025-06-06,False,Mercy for None,7.856,191,"Action & Adventure, Drama"
False,"18, 10765",218230,['KR'],ko,"이재, 곧 죽습니다","At the brink of going to hell, Yee-jae must cycle through twelve separate lives and twelve separate deaths in this reincarnation drama.",14.7536,2023-12-15,False,Death's Game,8.4,666,"Drama, Sci-Fi & Fantasy"
False,"80, 18",69087,['KR'],ko,보이스,"It's 3 minutes for hearers, but a life for the callers. A crime thriller chasing even the slightest sounds to rescue people's lives calling for urgent help.",14.6817,2017-01-14,False,Voice,7.271,72,"Crime, Drama"
False,"9648, 10759, 10765, 18",279323,['KR'],ko,동궁,A man who walks the spirit world and a court lady who hears the dead enter the East Palace by the king's orders — can they unravel its dark secrets?,14.6327,2026-07-17,False,The East Palace,8.245,94,"Mystery, Action & Adventure, Sci-Fi & Fantasy, Drama"
False,"35, 18",297640,['KR'],ko,은밀한 감사,"A romantic comedy about Joo In-ah, a charismatic audit department head with a secret, and Noh Ki-joon, the department's ace who is suddenly demoted to deal with the company's scandals.",14.6085,2026-04-25,False,Filing for Love,8.1,32,"Comedy, Drama"
False,"35, 18",79434,['KR'],ko,김비서가 왜 그럴까,"When his secretary unexpectedly quits, an arrogant executive will do anything to bring her back.",14.3838,2018-06-06,False,What's Wrong with Secretary Kim,8.3,724,"Comedy, Drama"
False,"18, 35",93097,['KR'],ko,동백꽃 필 무렵,"Dongbaek is a single mother. When a potential new love enters her life, she finds ways to defy the social stigmas surrounding her.",14.3664,2019-09-18,False,When the Camellia Blooms,8.132,68,"Drama, Comedy"
False,"18, 35",76557,['KR'],ko,으라차차 와이키키,"Kang Dong-Goo dreams of becoming a movie director, but he is cynical due to bad luck. Cheon Joon-Ki wanted to follow in his father's footsteps and become an actor, but he is now just a minor actor. Bong-Doo-Sik came to Seoul to become a scenario writer, but things have not been easy for him.",14.3501,2018-02-05,False,Welcome to Waikiki,7.821,109,"Drama, Comedy"
False,"9648, 80, 18",219652,['KR'],ko,아무도 없는 숲속에서,"One tranquil summer, a mysterious woman checks into a vacation rental — triggering events that disrupt the lives of the owner and those around him.",14.2766,2024-08-23,False,The Frog,7.3,141,"Mystery, Crime, Drama"
False,18,333,['KR'],ko,대장금,Orphaned Jang-geum becomes the first female physician in the Joseon Dynasty and her determination is tested when people around her start showing their true faces.,14.1548,2003-09-15,False,Jewel in the Palace,8.488,283,Drama
False,"18, 10751",320406,['KR'],ko,가족관계증명서,"Judged as a mistress’s daughter, a young woman fights a stigma she never chose. Meanwhile, another woman’s life stands still after her husband's betrayal. Bound together by the death of the man who tore their lives apart, these two apparent enemies are forced to confront one another under one roof. As families scarred by hatred and heartbreak collide, old wounds resurface. Facing years of prejudice, they set out to reclaim their lives and transform their bitter fate into an unexpected family bond.",14.1108,2026-07-06,False,Family Register,10.0,1,"Drama, Family"
False,"35, 80, 9648, 18",239006,['KR'],ko,트리거,"In modern-day Seoul, a crack team of investigative journalists fight for their careers after broadcasting a controversial story. With time running out, the team are given an impossible task if they want to save their jobs – solve a twenty-year-old cold case involving a famous actor who disappeared without a trace.",14.0834,2025-01-15,False,Unmasked,8.0,24,"Comedy, Crime, Mystery, Drama"
False,"18, 10768, 9648",206693,['KR'],ko,연인,A love-story between a noblewoman and a mysterious man who shows up in her hometown set in the 1600s during the Qing invasion.,14.021,2023-08-04,False,My Dearest,8.327,55,"Drama, War & Politics, Mystery"
False,"35, 10751, 18",307602,['KR'],ko,사랑을 처방해 드립니다,"Two families entangled in a bad relationship for 30 years, resolving misunderstandings, healing each other's wounds, and ultimately being reborn as one family.",14.011,2026-01-31,False,Recipe For Love,8.0,3,"Comedy, Family, Drama"
False,"35, 18",289763,['KR'],ko,내일도 출근!,"Cha Ji-yoon is a 7th-year corporate worker who's tired of both work and dating. She crosses paths with Kang Si-woo, the cynical boss with a terrifying reputation. Unexpectedly, she regains spark in her life as she gets to know the kindness behind his stern words. Amid repeated commutes, accidents at work, and failed relationships, the two become each other's irreplaceable anchor.",13.898,2026-06-22,False,See You at Work Tomorrow!,8.918,73,"Comedy, Drama"
False,"10759, 18",233219,['KR'],ko,ONE: 하이스쿨 히어로즈,"A former model student, pushed by domestic abuse and bullying, joins a group that stands up to school violence and defends its victims.",13.7865,2025-05-30,False,ONE: High School Heroes,8.085,71,"Action & Adventure, Drama"
False,"18, 35",229891,['KR'],ko,이 사랑 통역 되나요?,The emotions of a celebrity and her interpreter get lost in translation as they travel the world filming a TV show. Will love find its own language?,13.692,2026-01-16,False,Can This Love Be Translated?,8.413,160,"Drama, Comedy"
False,"18, 9648",70593,['KR'],ko,킹덤,"In this zombie thriller set in Korea's medieval Joseon dynasty which has been defeated by corruption and famine, a mysterious rumor of the king’s death spreads, as does a strange plague that renders the infected immune to death and hungry for flesh. The crown prince, fallen victim to a conspiracy, sets out on a journey to unveil the evil scheme and save his people.",13.6516,2019-01-25,False,Kingdom,8.206,1266,"Drama, Mystery"
False,"10765, 35, 18",295509,['KR'],ko,취사병 전설이 되다,A plastic-spoon man is on his way to becoming a legendary army cook—uncovering dark secrets within the base through his cooking skills.,13.6197,2026-05-11,False,The Legend of Kitchen Soldier,8.5,24,"Sci-Fi & Fantasy, Comedy, Drama"
False,"80, 18, 9648",70626,['KR'],ko,비밀의 숲,"Hwang Shi Mok underwent brain surgery as a child to curb his violent temper, which left him devoid of emotions. Hwang becomes a prosecutor known for his piercing intelligence and logic, but he is ostracized because he lacks empathy and social skills. He is also one of only a handful of upright prosecutors who have refused to take bribes. One day, he encounters a stabbing victim while investigating corruption. He meets Lieutenant Han Yeo Jin at the crime scene. They join forces to root out corruption at the prosecutors’ office and solve a serial murder case.",13.6016,2017-06-10,False,Stranger,8.26,215,"Crime, Drama, Mystery"
False,18,289424,['KR'],ko,모두가 자신의 무가치함과 싸우고 있다,An aspiring director hits rock bottom after 20 years chasing his debut — until he meets an overwhelmed producer who helps him rediscover his self-worth.,13.5637,2026-04-18,False,We Are All Trying Here,8.533,61,Drama
False,"80, 18",256226,['KR'],ko,친애하는 X,"Behind a beautiful face hides a cruel nature—Baek Ah-jin, who sees through and manipulates others' hearts. After stepping on the sacrifices of many to reach the top, everything begins to change the moment she arrives there. A woman wearing a mask to escape hell and climb to the highest place. And the story of the Xs being brutally crushed by her.",13.5621,2025-11-06,False,Dear X,8.6,119,"Crime, Drama"
False,"35, 18",287344,['KR'],ko,미혼남녀의 효율적 만남,"A woman determined to finally open her heart goes on a blind date with two very different men, and through the chaos and charm of it all, she ends up figuring out what love actually means for her.",13.5035,2026-02-28,False,The Practical Guide to Love,6.8,10,"Comedy, Drama"
False,"35, 18",131026,['KR'],ko,달리와 감자탕,"An ignorant but strong-willed man and an upper-class woman who struggles through life, work to fall in love.",13.4932,2021-09-22,False,Dali & Cocky Prince,7.308,130,"Comedy, Drama"
False,"18, 9648, 10765",106651,['KR'],ko,지옥,"Unearthly beings deliver bloody condemnations, sending individuals to hell and giving rise to a religious group founded on the idea of divine justice.",13.4679,2021-11-19,False,Hellbound,7.321,1020,"Drama, Mystery, Sci-Fi & Fantasy"
False,"18, 10765",280945,['KR'],ko,폭군의 셰프,"After time traveling to the Joseon era, a talented chef meets a tyrant king. Her modern dishes captivate his palate, but royal challenges await her.",13.4348,2025-08-23,False,"Bon Appétit, Your Majesty",8.634,258,"Drama, Sci-Fi & Fantasy"
False,18,197133,['KR'],ko,학교,School is a drama series that deals with realistic issues South Korean teenagers faced in high school in the late 1990's.,13.4263,1999-02-22,False,School,0.0,0,Drama
False,"18, 10765, 80, 9648",235577,['KR'],ko,지옥에서 온 판사,"A cruel and vicious judge, who wields power only for herself, meets a warm and cheerful detective who puts the victims first.",13.3783,2024-09-21,False,The Judge from Hell,8.599,192,"Drama, Sci-Fi & Fantasy, Crime, Mystery"
False,"35, 18",128995,['KR'],ko,유미의 세포들,"Yumi is a 30-year old, ordinary woman who struggles with expressing her feelings. Told from the perspective of the many brain cells in her head, she experiences growth in both her love life, her career, and finds happiness in the small joys of everyday life.",13.2963,2021-09-17,False,Yumi's Cells,8.0,74,"Comedy, Drama"
False,"18, 10765",61006,['KR'],ko,전설의 고향,A series of 8 one-act dramas. It is the continuation of a classic series of ghost stories which aired first on KBS between 1977 and 1989 and later between 1996 and 1999. This marks the return of the series after nine years.,13.1296,1977-10-18,False,Korean Ghost Stories,6.9,5,"Drama, Sci-Fi & Fantasy"
False,18,37722,['KR'],ko,드림하이,Six dedicated students at Kirin Art High School work to achieve their dreams of becoming stars in the Korean music industry.,13.0713,2011-01-03,False,Dream High,6.906,90,Drama
False,"10759, 35, 18",297712,['KR'],ko,오십프로,"Three seemingly ordinary but deadly uncles, whose fate sets them in motion again. It depicts the everyday lives of three middle-aged men, who have lived 50% of their lives, and the realistic comedy of these uncles who are even sadder because they were successful in their past.",13.0078,2026-05-22,False,Fifties Professionals,6.278,9,"Action & Adventure, Comedy, Drama"
False,"18, 35, 80",300727,['KR'],ko,아파트,"Desperate for cash, a former gang boss teams up with an aspiring lawyer to steal an apartment complex's reserve fund — only to uncover deep corruption.",12.991,2026-07-11,False,The Apartment Job,8.6,34,"Drama, Comedy, Crime"
False,"9648, 18",286360,['KR'],ko,맨 끝줄 소년,"A literature professor discovers a student's talent and offers him writing lessons — but as he sinks into the story, their sessions spiral into chaos.",12.9643,2026-06-26,False,Notes from the Last Row,7.854,48,"Mystery, Drama"
False,"18, 9648",200707,['KR'],ko,7인의 탈출,"The mysterious disappearance of a girl brings together seven people from all different walks of life. They all have an intertwined connection to her disappearance in the most horrific, unfathomable, and despicable way. As money drives them to their greed, lies, and delirium, they face divine retribution as they struggle for their lives in a picturesque revenge. How far will they go to claim their innocence, and will anyone make it out alive?",12.9273,2023-09-15,False,The Escape of the Seven,7.0,28,"Drama, Mystery"
False,"18, 10759, 80",110534,['KR'],ko,D.P.,A young private's assignment to capture army deserters reveals the painful reality endured by each enlistee during his compulsory call of duty.,12.871,2021-08-27,False,D.P.,8.009,278,"Drama, Action & Adventure, Crime"
False,"18, 10768",108291,['KR'],ko,설강화 : snowdrop,"An enduring love story in 1987 Seoul; Young-ro, a female university student, treats the bleeding Soo-ho, a student attending a prestigious university, who one day jumps into a women's university dormitory despite the dangerous situation.",12.861,2021-12-18,False,Snowdrop,8.5,319,"Drama, War & Politics"
False,"10765, 18, 35, 9648",108284,['KR'],ko,구미호뎐,A TV producer discovers a secret supernatural world as she becomes entangled with a former deity who's spent centuries searching for his lost lover.,12.776,2020-10-07,False,Tale of the Nine Tailed,8.362,497,"Sci-Fi & Fantasy, Drama, Comedy, Mystery"
False,"35, 18",128883,['KR'],ko,갯마을 차차차,"A big-city dentist opens up a practice in a close-knit seaside village, home to a charming jack-of-all-trades who is her polar opposite in every way.",12.7751,2021-08-28,False,Hometown Cha-Cha-Cha,8.2,659,"Comedy, Drama"
False,"80, 9648, 18",273977,['KR'],ko,레이디 두아,A body found in the middle of town. A luxe label on the rise. A detective tests every stitch of a woman's story that keeps changing. What really happened?,12.7306,2026-02-13,False,The Art of Sarah,7.441,94,"Crime, Mystery, Drama"
False,"18, 10766",114804,['KR'],ko,보고 또 보고,"A family drama about the entangled conflict, love, and reconciliation of the characters around them, centered on Mammal's eldest daughter Jin Ju and Eun Ju's sister Eun Ju, who grew up with her parents' love.",12.724,1998-03-02,False,See and See Again,10.0,1,"Drama, Soap"
False,18,77706,['KR'],ko,귀부인,A drama about the friendship of two girls from incredibly different background; one the daughter of a maid and the other the daughter of a wealthy family.,12.6894,2014-01-13,False,Noble Woman,6.0,2,Drama
False,"18, 9648, 10759",92983,['KR'],ko,배가본드,"Stuntman Cha Dal-geon gets involved in a tragic airplane crash and ends up discovering a national corruption scandal in the process. Go Hae-ri, the oldest daughter of a deceased marine, decides to work for the National Intelligence Service as a secret ops agent in order to support her mom and younger siblings, although all she wanted to do is to become a civil servant.",12.6293,2019-09-20,False,Vagabond,8.281,518,"Drama, Mystery, Action & Adventure"
False,"18, 10765",89641,['KR'],ko,좋아하면 울리는,"Love Alarm is an app that tells you if someone within a 10-meter radius has a crush on you. It quickly becomes a social phenomenon. While everyone talks about it and uses it to test their love and popularity, Jojo is one of the few people who have yet to download the app. However, she soon faces a love triangle situation between Sun-oh whom she starts to have feelings for, and Hye-young, who has had a huge crush on her.",12.5567,2019-08-22,False,Love Alarm,8.2,2046,"Drama, Sci-Fi & Fantasy"
False,"80, 35, 10759, 18",231280,['KR'],ko,굿보이,"Olympic medalists join the police force through a special recruitment program, trading medals for badges as they tackle violent crimes and injustices with their athletic skills.",12.5484,2025-05-31,False,Good Boy,8.601,193,"Crime, Comedy, Action & Adventure, Drama"
False,"80, 10759, 18",210704,['KR'],ko,최악의 악,"Set in the 1980s, a husband and wife, both detectives, infiltrate a massive criminal organization responsible for the illegal drug trade between Korea, China, and Japan.",12.5428,2023-09-27,False,The Worst of Evil,8.399,89,"Crime, Action & Adventure, Drama"
False,"80, 35, 18",72690,['KR'],ko,구해줘,Four young men come to the rescue of a former classmate whose family has been sucked into the clutches of a religious cult and its charismatic leader.,9.9982,2017-08-05,False,Save Me,8.089,73,"Crime, Comedy, Drama"
False,"18, 10765, 9648, 35",281010,['KR'],ko,신이랑 법률사무소,"A timid lawyer who suddenly gains the ability to see ghosts teams up with a cold, elite attorney, and together they take on supernatural clients whose unfinished business reveals buried truths.",10.96,2026-03-13,False,Phantom Lawyer,7.741,27,"Drama, Sci-Fi & Fantasy, Mystery, Comedy"
False,"35, 10765, 18",281016,['KR'],ko,월간남친,Seo Mi-rae is worn out by work. Love? It's the last thing on her mind. But a virtual dating service sparks feelings — and maybe a real shot at romance.,11.132,2026-03-06,False,Boyfriend on Demand,8.386,149,"Comedy, Sci-Fi & Fantasy, Drama"
False,"18, 35",281013,['KR'],ko,키스는 괜히 해서!,"A passionate fling in Jeju ends abruptly — until fate reunites an heir and a young woman when she joins his company, disguised as a married mother.",10.9997,2025-11-12,False,Dynamite Kiss,8.164,116,"Drama, Comedy"
False,"10765, 18, 35",258025,['KR'],ko,견우와 선녀,"A teenage shaman determined to change fate sets out to save a mysterious boy destined to die. As danger looms, their fated encounter sparks a powerful first love that defies darkness and reclaims hope.",10.3158,2025-06-23,False,Head Over Heels,8.641,117,"Sci-Fi & Fantasy, Drama, Comedy"
False,"18, 80",112833,['KR'],ko,소년심판,A tough judge balances her aversion to minor offenders with firm beliefs on justice and punishment as she tackles complex cases inside a juvenile court.,10.8427,2022-02-25,False,Juvenile Justice,8.073,260,"Drama, Crime"
False,"18, 35, 10764, 10759",70123,['KR'],ko,신서유기,Each member takes one of the characters from the classic Chinese novel “Journey to the West” as they go to different destination every season,7.9669,2015-09-04,False,New Journey to the West,8.8,15,"Drama, Comedy, Reality, Action & Adventure"
False,"35, 18",136732,['KR'],ko,별똥별,Frustrations and feelings collide when a dynamic PR executive finds herself working with her irksome nemesis — who happens to be a megastar client.,9.6805,2022-04-22,False,Sh**ting Stars,8.1,106,"Comedy, Drama"
False,"80, 18, 9648, 10759",99480,['KR'],ko,모범형사,"A drama about the race between people who want to get closer to the truth and those who want to cover it up. Jang Seung Jo will take on the role of Oh Ji Hyuk, an elite detective of nine years who does not share his feelings with others due to pain he experienced when he was young. He is not swayed by money and power, even with the huge wealth he inherited from his uncle.",9.737,2020-07-06,False,The Good Detective,7.214,42,"Crime, Drama, Mystery, Action & Adventure"
False,"18, 10765, 10759",158258,['KR'],ko,방과 후 전쟁활동,"When mysterious alien spheres start invading the world, high school students are called upon to join the world's first war against extraterrestrial forces.",10.4745,2023-03-31,False,Duty After School,8.121,107,"Drama, Sci-Fi & Fantasy, Action & Adventure"
False,18,83941,['KR'],ko,남자친구,"Following a chance encounter overseas, a woman with much to lose and a man with little to his name meet again as employer and employee.",8.9372,2018-11-28,False,Encounter,7.81,79,Drama
False,"35, 18",98827,['KR'],ko,편의점 샛별이,"It tells an unpredictable 24-hour love story of the four-dimensional innocent girl Jung Saet Byeol who was once a troublemaker and the adorkable caring male store manager, Choi Dae Hyun, in the context of a convenience store. They have met each other accidentally 4 years ago, back then Saet Byeol asked Dae Hyun to buy cigarettes for them. Until now, Saet Byeol comes to the convenience store Dae Hyun runs for a part-time job, their hilarious romantic story starts.",11.1442,2020-06-19,False,Backstreet Rookie,7.631,160,"Comedy, Drama"
False,"10765, 10759, 35, 18",233742,['KR'],ko,뉴토피아,"Jae-yoon, a late military enlistee, and his girlfriend, Young-joo, break up over the phone over growing misunderstandings. But a zombie outbreak rocks the world. A national emergency is declared, a plane crashes in the city center, and Jae-yoon and his unit get trapped on top of a Seoul skyscraper. Young-joo risks the zombie-filled streets to find him. Can their love survive the apocalypse?",10.6862,2025-02-07,False,Newtopia,7.972,218,"Sci-Fi & Fantasy, Action & Adventure, Comedy, Drama"
False,"35, 10759, 18",68814,['KR'],ko,힘쎈여자 도봉순,"Born with supernatural strength, Bong-soon fights evil and procures justice while getting tangled in a love triangle with her CEO boss and cop crush.",10.9975,2017-02-24,False,Strong Girl Bong-soon,8.1,326,"Comedy, Action & Adventure, Drama"
False,18,235355,['KR'],ko,언젠가는 슬기로울 전공의생활,"First-year OBGYN residents at Yulje Medical Center navigate the chaos of their work and personal lives, all in their quest to become exceptional doctors.",9.6973,2025-04-12,False,Resident Playbook,8.1,65,Drama
False,"35, 18",74074,['KR'],ko,이번 생은 처음이라,"Two housemates get married for financial convenience, but discover nothing is simple when it comes to demanding in-laws — or facing their growing bond.",10.5487,2017-10-09,False,Because This Is My First Life,8.2,193,"Comedy, Drama"
False,"18, 9648",218538,['KR'],ko,페이스 미,"A medical mystery thriller that traces the truth of the incident of a famous plastic surgeon, who had a reputation as a righteous man, who fell into the abyss after being caught up in an unexpected incident and underwent reconstructive plastic surgery for crime victims.",14.8332,2024-11-06,False,Face Me,7.5,19,"Drama, Mystery"
False,"18, 10751",78052,['KR'],ko,같이 살래요,"Park Yoo-Ha studied hard in medical school and finished her intern course. She works hard to become a doctor due to her father. Her father raised 4 children by himself and her oldest sister also sacrificed for the family. Park Yoo-Ha is not interested in other people. Suddenly, her father marries a woman rich enough to own a building.

Meanwhile, Jung Eun-Tae works as a doctor. He volunteered for performing medical service abroad, but he comes back to Korea. Jung Eun-Tae is not interested in marriage, because his father placed priority on his medical work over family and Jung Eun-Tae believes he is like his father.",10.4499,2018-03-17,False,Marry Me Now,6.2,6,"Drama, Family"
False,"35, 18",280948,['KR'],ko,스프링 피버,"After moving to a quiet rural town to heal from past heartbreak, a withdrawn teacher slowly rediscovers warmth and joy through her unexpected connection with a rough-around-the-edges but kindhearted local man.",9.9408,2026-01-05,False,Spring Fever,8.1,73,"Comedy, Drama"
False,"9648, 18",209110,['KR'],ko,자백의 대가,"Accused of killing her husband, a woman is offered a way out by a mysterious stranger: in exchange for a confession in her place, she must commit murder.",10.5293,2025-12-05,False,The Price of Confession,7.958,83,"Mystery, Drama"
False,"18, 10768",61148,['KR'],ko,기황후,"A woman born in Korea navigates her way through love, war, politics and national loyalties to become a powerful empress in China's Yuan dynasty.",10.7599,2013-10-28,False,Empress Ki,7.269,65,"Drama, War & Politics"
False,"35, 18",71347,['KR'],ko,엽기적인 그녀,"When a respected scholar becomes the unexpected protector of a sassy princess, he must save her from rebels threatening her royal future.",8.7651,2017-05-29,False,My Sassy Girl,6.2,38,"Comedy, Drama"
False,"35, 18",297424,['KR'],ko,우주를 줄게,"Two in-laws forced to raise their orphaned nephew together slowly overcome their misunderstandings, finding personal growth and an unexpected romance through co-parenting under one roof.",13.548,2026-02-04,False,Our Universe,8.146,82,"Comedy, Drama"
False,"35, 18",287011,['KR'],ko,오늘도 매진했습니다,"A work-obsessed cosmetics CEO and a top home-shopping host struggling with insomnia cross paths, and through an unexpected romance, begin to heal the emptiness in their lives.",10.079,2026-04-22,False,Sold Out on You,8.384,82,"Comedy, Drama"
False,"18, 80, 9648",310800,['KR'],ko,세이렌,"Ace insurance investigator Cha Woo-seok hunts a fraud ring tied to mysterious deaths and becomes dangerously entangled with Han Seol-ah, a flawless art auctioneer whose lovers all seem to die. As attraction and suspicion blur, he must uncover whether she’s a killer or a victim, before the truth costs him his life.",10.06,2026-03-02,False,Siren's Kiss,7.2,41,"Drama, Crime, Mystery"
False,"18, 10759",65143,['KR'],ko,태양의 후예,"After a chance meeting in a hospital, an ardent soldier falls for a gifted surgeon. Opposing philosophies tear them apart, but fate has other plans.",10.2395,2016-02-24,False,Descendants of the Sun,8.317,830,"Drama, Action & Adventure"
False,"80, 18, 9648",110356,['KR'],ko,마이 네임,"Following her father's murder, a revenge-driven woman puts her trust in a powerful crime boss — and enters the police force under his direction.",10.0165,2021-10-15,False,My Name,8.205,1086,"Crime, Drama, Mystery"
False,"80, 18",130808,['KR'],ko,두 번째 남편,"When Bong Seon-hwa unjustly loses her family due to a tragedy born out of an unstoppable desire, she pledges revenge in the mixed fate and love.",6.6554,2021-08-09,False,The Second Husband,6.0,4,"Crime, Drama"
False,"18, 35",217553,['KR'],ko,중증외상센터,"To create a top-tier trauma center, a war-seasoned doctor arrives — bringing his blunt but skilled ways to transform his team into life-saving mavericks.",11.1254,2025-01-24,False,The Trauma Code: Heroes on Call,8.471,173,"Drama, Comedy"
False,18,129888,['KR'],ko,스물다섯 스물하나,"In a time when dreams seem out of reach, a teen fencer pursues big ambitions and meets a hardworking young man who seeks to rebuild his life.",8.9734,2022-02-12,False,Twenty Five Twenty One,8.5,352,Drama
False,"18, 35",229480,['KR'],ko,손해 보기 싫어서,"Son Hae-yeong seeks out a fake wedding with her neighbourhood convenience store employee, Kim Ji-uk, to avoid missing out on a promotion.",10.4878,2024-08-26,False,No Gain No Love,8.5,292,"Drama, Comedy"
False,"10759, 18, 80",67391,['KR'],ko,더케이투,"A patriotic bodyguard who was abandoned by his country and colleagues, a hidden daughter of leading Presidential candidate who regards love as a tool for revenge, and the First Lady contender who hides her ambition and charisma behind a kind and friendly personality.",10.5494,2016-09-23,False,The K2,7.892,222,"Action & Adventure, Drama, Crime"
False,"80, 35, 18",86830,['KR'],ko,열혈사제,"People commit variety of ugly crimes these days. However, they forgive themselves by giving testimony every week. They believe that they can repent just by having faith. But the truth is that they have faith to repeat the sins again and again without remorse. These people atone for their evil deeds just to feel comfortable and carefree. It is not about the victims who are suffering because of them. They say every people are equal before the religions. But it is time to discriminate people who only uses them for their interest. Screening if they are really good people, punishing if they deserve to be punished, and defending justice is needed for modern day religion. A priest with this sense of justice teams up with a detective and a prosecutor. They try to solve the mysterious death of an elderly priest and serve justice.",8.5632,2019-02-15,False,The Fiery Priest,8.231,65,"Crime, Comedy, Drama"
False,18,227192,['KR'],ko,피라미드 게임,"Every last Thursday of the month at an all-girls high school, the students of Class 2–5 cast their votes in a popularity poll. The results classify them into Grades A, B, C, D, and F. If they fall into Grade F, they become legitimate victims of school violence.",9.6932,2024-02-29,False,Pyramid Game,8.1,150,Drama
False,"18, 35",314784,['KR'],ko,로맨스의 절댓값,"High schooler Yeo Eui-ju secretly writes web novels by night. When four charming new teachers arrive, they inspire her stories and shake up her school.",10.1793,2026-04-17,False,Absolute Value of Romance,8.766,47,"Drama, Comedy"
False,"35, 80, 18",239005,['KR'],ko,강매강,"Songwon Police Violent Crimes Unit 2 has the lowest arrest rate in the country. After their chief is demoted, the team is exiled to a closed daycare center. Enter Yubin, their new leader. Despite the team's initial distrust, Yubin and the team start to bond as they solve cases together.",9.7663,2024-09-11,False,Seoul Busters,8.545,22,"Comedy, Crime, Drama"
False,18,215471,['KR'],ko,사랑이라 말해요,"When her family becomes suddenly homeless, Woojoo decides on revenge for all the injustices she has been put through. However, her supposed foe, Dongjin, is a heart-wrenchingly lonely and gentle soul.",9.6238,2023-02-22,False,Call It Love,8.155,55,Drama
False,"18, 10765",299365,['KR'],ko,신입사원 강회장,"After a powerful conglomerate chairman is betrayed by his children and wakes up in the body of a young soccer player, he uses his business genius and athletic physique to seek ultimate revenge against his family.",11.1013,2026-05-30,False,Reborn Rookie,7.947,19,"Drama, Sci-Fi & Fantasy"
False,"35, 18",259015,['KR'],ko,그놈은 흑염룡,"Baek Su-jeong leads a planning team at a renowned department store. She meets her new boss, Ban Ju-yeon, her first love from an online game 16 years ago, stirring up memories of when he confessed his feelings but she rejected him.",10.102,2025-02-17,False,My Dearest Nemesis,8.115,131,"Comedy, Drama"
False,"18, 35",221934,['KR'],ko,금이야 옥이야,"A work about the delightful and heartbreaking story of a family growing up while raising a child, centering on a single dad Geum Kang San and adopted child Ok Mi Rae who is the apple of his eye.",6.8183,2023-03-27,False,Apple of My Eye,4.5,2,"Drama, Comedy"
False,"35, 18, 10751",129473,['KR'],ko,신사와 아가씨,"Lee Young Kook is a widower with three children. He still hasn’t gotten over the death of his wife. He decides to hire Park Dan Dan as a live-in tutor for his kids and he becomes attracted to her. Meanwhile, Park Dan Dan has bright and positive personality despite her harsh situation.",8.6563,2021-09-25,False,Young Lady and Gentleman,7.0,17,"Comedy, Drama, Family"
False,"80, 18, 9648",271885,['KR'],ko,당신이 죽였다,"When two women plot to end an abusive marriage through murder, an unexpected visitor arrives — threatening to shatter everything they've carefully planned.",9.0993,2025-11-07,False,As You Stood By,8.235,102,"Crime, Drama, Mystery"
False,"10765, 18, 35",90447,['KR'],ko,호텔 델루나,"When he's invited to manage a hotel for dead souls, an elite hotelier gets to know the establishment's ancient owner and her strange world.",9.6109,2019-07-12,False,Hotel Del Luna,8.512,640,"Sci-Fi & Fantasy, Drama, Comedy"
False,"80, 10759, 18",78796,['KR'],ko,무법 변호사,"Driven by the desire to avenge his mother, a former gangster turned lawyer uses both his fists and the loopholes in law to fight against those with absolute power.",10.8814,2018-05-12,False,Lawless Lawyer,7.5,77,"Crime, Action & Adventure, Drama"
False,"35, 18",138086,['KR'],ko,올드 미스 다이어리,"Three single women in their thirties try to figure out their life, career, and romantic relationships.",7.1335,2004-11-22,False,Old Miss Diary,6.5,2,"Comedy, Drama"
False,"80, 35, 18",259710,['KR'],ko,컨피던스 맨 KR,"Three con artists with different backgrounds, team up for a daring and adventurous scheme of revenge against the villains of this era.",12.6355,2025-09-06,False,Confidence Queen,7.634,41,"Crime, Comedy, Drama"
False,18,96162,['KR'],ko,이태원 클라쓰,"In a colorful Seoul neighborhood, an ex-con and his friends fight a mighty foe to make their ambitious dreams for their street bar a reality.",8.9058,2020-01-31,False,Itaewon Class,8.342,412,Drama
False,"10765, 18",93846,['KR'],ko,더 킹 : 영원의 군주,Korean emperor Lee Gon tries to close the doors to a parallel world which was opened by demons; a detective tries to protect the people and the one she loves.,9.7305,2020-04-17,False,The King: Eternal Monarch,8.246,916,"Sci-Fi & Fantasy, Drama"
False,"10759, 18, 80",238084,['KR'],ko,트리거,"As illegal firearms flood into a gun-free South Korea, a resolute cop and a mysterious partner join forces to stop the chaos from sweeping the nation.",9.9621,2025-07-25,False,Trigger,8.077,110,"Action & Adventure, Drama, Crime"
False,"18, 35",243761,['KR'],ko,굿파트너,"Cha Eun-kyung, a 17-year veteran divorce lawyer, faces a personal crisis when her own marriage is threatened while working alongside rookie lawyer Han Yu-ri, whose differing values lead to tension as they navigate their complex cases at Law Firm Daejung.",10.0077,2024-07-12,False,Good Partner,7.9,16,"Drama, Comedy"
False,"18, 9648, 10765",135340,['KR'],ko,해피니스,"A new type of deadly virus spread throughout the city, and the apartment where has different social classes of people is sealed off. With the fear of the virus, and the conflicts of the different classes, the residents have to spend and survive in the new habitation.",8.2904,2021-11-05,False,Happiness,8.084,586,"Drama, Mystery, Sci-Fi & Fantasy"
False,"35, 18",60957,['KR'],ko,별에서 온 그대,"An alien who came to Earth 400 years ago is almost able to return to his own planet, but when he meets a famous actress, he doesn't want to go home.",9.6106,2013-12-18,False,My Love from the Star,8.295,825,"Comedy, Drama"
False,18,66240,['KR'],ko,옥중화,"Jeonokseo, the most horrifying prison in Joseon, is where Ok Nyeo was born. This genius girl learns the art of living from the most eccentric people of the time. Despite the difficulties, Ok Nyeo grows up to introduce a human rights institution of Joseon to protect the weak.",9.8576,2016-04-30,False,The Flower in Prison,5.16,25,Drama
False,"18, 35",66330,['KR'],ko,W(더블유),"After being pulled into the webtoon world created by her father, a surgical resident gets entangled in a murder mystery involving the story's hero.",9.3996,2016-07-20,False,W,8.4,978,"Drama, Comedy"
False,18,75820,['KR'],ko,미스터 션샤인,"Set in the early 1900s, this drama tells the story of a young man from Korea who grows up in the United States. When he returns to Korea as a US Marine Corps officer, he meets and falls in love with a noblewoman who is fighting for Korean independence. Their romance is complicated by social class and political ideology.",9.9192,2018-07-07,False,Mr. Sunshine,8.421,197,Drama
False,"9648, 18, 10751",233833,['KR'],ko,찬란한 너의 계절에,"Chan lives every day like it is summer vacation. Haran is trapped in a lonely winter. When their forgotten past reunites them, Chan is determined to gift her another spring. Through laughter and tears, they face winter together and reach their spring in this heartwarming romance.",9.619,2026-02-20,False,In Your Radiant Season,8.108,37,"Mystery, Drama, Family"
False,"10759, 80, 18, 10765",132979,['KR'],ko,배드 앤 크레이지,"A superhero drama about Soo-yeol who has lived his whole life as a materialistic police detective, but changes into a champion for justice and fights against police corruption when a hidden persona called ""K"" awakens inside him.",9.0728,2021-12-17,False,Bad and Crazy,7.912,114,"Action & Adventure, Crime, Drama, Sci-Fi & Fantasy"
False,"10759, 18",21013,['KR'],ko,일지매,"Set during the Joseon Dynasty, Ryung acts as a useless gangster in the marketplace by day but at night he is a chivalrous robber who robs corrupt government officials to give to the poor. After each robbery he leaves behind a wooden branch from a plum tree at the site of the robbery to take responsibility for the robbery. The poor citizens only know him as Iljimae. Bong Soon is a hilarious girl with good martial art skills and lives as a swindler. She only loves Ryung and sacrifices her whole life for him. Eun Chae is a government official's daughter and is good in nature and usually helps miserable people. She meets Iljimae once by chance, and their sweet love story begins. However, her love puts Iljimae in a dangerous situation because an Imperial Guard also loves her.",9.8729,2008-05-21,False,Iljimae,6.9,27,"Action & Adventure, Drama"
False,18,321293,['KR'],ko,과녁 너머의 너,"Archery champion Lee Junhyung reunites with his first love, Ahn Siwoo — the one who had no choice but to leave him six years ago, for his sake. Torn between love and hatred, Junhyung keeps Siwoo close, tormenting him as a way to settle old wounds. But the moment he learns the painful truth Siwoo had carried alone all those years, he is consumed by deep regret and guilt. In the end, the two run back toward each other once more — and pick up the thread of a bond they thought was severed forever.",10.3608,2026-08-27,False,Eyes on You,9.0,1,Drama
False,"80, 10759, 18",205082,['KR'],ko,비질란테,"Kim Ji-yong leads a double life as a Korean National Police University student by day and the Vigilante by night, personally punishing criminals who evade the law. He is surrounded by people who all possess different ulterior motives.",9.4052,2023-11-08,False,Vigilante,8.483,116,"Crime, Action & Adventure, Drama"
False,"18, 35",96462,['KR'],ko,사이코지만 괜찮아,"Desperate to escape from his emotional baggage and the heavy responsibility he’s had all his life, a psychiatric ward worker begins to heal with help from the unexpected – a woman who writes fairy tales but doesn’t believe in them.",8.8858,2020-06-20,False,It's Okay to Not Be Okay,8.503,1517,"Drama, Comedy"
False,18,315371,['KR'],ko,사내에서는 정숙할 것,"Nayul was at her breaking point. Between the crushing workload and her detestable boss, Kwon Sijin-a man who perfected the art of trampling on dignity-she'd had enough. At 11 PM on a Friday, driven by pure rage, she stormed into his office. There, time froze. Nayul stood paralyzed, having caught her ""perfect"" yet perverted boss in the middle of a private, lewd act during overtime.",11.6694,2026-02-12,False,Quiet in the Office!,4.0,2,Drama
False,"18, 80",245079,['KR'],ko,하이퍼나이프,"Seok, an eager yet genius neurosurgeon is reunited with Deokhee, the professor who ruined her life long ago. Once, the two surgeons cared for each other more than anyone else. But now with nothing but hatred toward each other, Seok is furious that he is back in her life and vows to take revenge.",9.3404,2025-03-19,False,Hyper Knife,7.814,102,"Drama, Crime"
False,"9648, 18",259288,['KR'],ko,선의의 경쟁,A high-teen mystery thriller about a close relationship between teenage girls in a harsher survival competition than entrance examinations.,9.503,2025-02-10,False,Friendly Rivalry,8.7,122,"Mystery, Drama"
False,"18, 35",79076,['KR'],ko,훈남정음,"Hoon-Nam knows about love theoretically, but he rejects falling in love. Jung-Eum wants to fall in love, but, due to her difficult situation, she gives up on finding love. Hoon-Nam and Jung-Eum meet and develop a relationship romantically.",6.6892,2018-05-23,False,The Undateables,6.1,7,"Drama, Comedy"
False,18,78742,['KR'],ko,멈추고 싶은 순간: 어바웃타임,"Our heroine will have the unfortunate ability to see the “life clocks” of everyone around her, including herself, and the hero will somehow be able to stop her “time” without lifting a finger. This story will follow time that is stopped, extended, and even erased through the love they have for each other.",8.4839,2018-05-21,False,About Time,7.547,149,Drama
False,18,116041,['KR'],ko,결혼작사 이혼작곡,"Everything comes unraveling for three successful women who work on a radio show as twists, turns and troubles plague their seemingly happy marriages.",9.0944,2021-01-23,False,Love (ft. Marriage and Divorce),7.367,30,Drama
False,"80, 9648, 10765, 18",64840,['KR'],ko,시그널, Detectives from the present and a detective from the past communicate via walkie-talkie to solve a long-time unsolved case.,8.2517,2016-01-22,False,Signal,8.197,198,"Crime, Mystery, Sci-Fi & Fantasy, Drama"
False,"18, 80, 9648",99494,['KR'],ko,악의 꽃,"Hiding a twisted past, a man maintains his facade as the perfect husband to his detective wife — until she begins investigating a series of murders.",9.0731,2020-07-29,False,Flower of Evil,8.253,603,"Drama, Crime, Mystery"
False,18,223232,"['KR', 'TH']",th,Crush On You,No overview available,10.5354,2023-03-31,False,Crush On You,7.5,2,Drama
False,"35, 18",287009,['KR'],ko,닥터 섬보이,"In South Korea, military service is mandatory for all men. But a select few—like privileged medical students—can serve as public health doctors instead. This is the story of those privileged few. Do Ji-ui, a plastic surgeon, is assigned to Pyeondong-do, an isolated island no one wants to go to. From the very first day, ominous signs begin to appear. Can he survive a full year on this hellish island and make it out alive—or will the island break him before he can hold the line?",8.8503,2026-06-01,False,Doctor on the Edge,8.19,21,"Comedy, Drama"
False,"35, 18, 10765",67018,['KR'],ko,푸른 바다의 전설,"A mermaid from the Joseon period ends up in present-day Seoul, where she crosses paths with a swindler who may have ties to someone from her past.",8.7015,2016-11-16,False,The Legend of the Blue Sea,7.4,220,"Comedy, Drama, Sci-Fi & Fantasy"
False,"18, 9648",229915,['KR'],ko,밤이 되었습니다,"Trapped in a deadly cursed Mafia game, the students of Yoo-il High must play the game to survive while unraveling the mysteries behind the curse.",9.816,2023-12-04,False,Night Has Come,7.851,124,"Drama, Mystery"
False,18,198244,['KR'],ko,아내와 여자,No overview available,6.2029,2008-10-20,False,Wife and Woman,0.0,0,Drama
False,"80, 18, 9648",218631,['KR'],ko,강남 비-사이드,"When Jaehee, a top call girl at a club in Gangnam, goes missing, Detective Kang Dongwoo returns to crack the case. Prosecutor Min Seojin aims to rise in rank, while the notorious pimp, Yoon Gilho becomes a prime suspect. They unravel a web of secrets and connections behind the case.",9.8124,2024-11-05,False,Gangnam B-Side,7.401,76,"Crime, Drama, Mystery"
False,"18, 10759, 80",112486,['KR'],ko,카지노,"Cha Moosik runs a casino bar, only to flee to the Philippines due to a crackdown by the National Tax Service. He launches a full-fledged casino business, and strategizes winning over the political and business circles in the Philippines. However, he is suddenly framed as a suspect in Min Seokjun's death, and is tracked by Oh Seunghoon of the Korean Desk. Betrayal is rampant in the presence of money.",8.8181,2022-12-21,False,Big Bet,5.857,42,"Drama, Action & Adventure, Crime"
False,"18, 9648, 80",79070,['KR'],ko,검법남녀,"Baek Beom has worked as a forensic doctor for 10 years. He has a bad personality, but he is excellent with his work. Baek Beom does not open his mind to other people. Eun Sol is a rookie prosecutor with a warm heart. She has a bright personality and she comes from wealth family background. The forensic doctor and prosecutor work together to solve cases.",10.0564,2018-05-14,False,Partners for Justice,7.182,44,"Drama, Mystery, Crime"
False,"35, 80, 18",71349,['KR'],ko,수상한 파트너,"Noh Ji-Wook is a prosecutor in the Central District Prosecutors’ Office who ends up switching professions to a private attorney. He harbors a trauma stemming from an event in his childhood involving his parents and his first love. Eun Bong-Hee, a Taekwondo athlete in her youth, is a prosecutor trainee who has become a murder suspect. Eun Bong-Hee and Noh Ji-Wook both find themselves being the focus of a killer.",8.8387,2017-05-10,False,Suspicious Partner,7.839,174,"Comedy, Crime, Drama"
False,"18, 35",152511,['KR'],ko,기상청 사람들: 사내연애 잔혹사 편,"Inside a national weather service, love proves just as difficult to predict as rain or shine for a diligent forecaster and her free-spirited co-worker.",9.0144,2022-02-12,False,Forecasting Love and Weather,7.3,139,"Drama, Comedy"
False,"18, 9648",208336,['KR'],ko,3인칭 복수,"A boy falls to his death at school, but Ok Chan-mi does not believe that her twin brother, Park Won-seok, committed suicide. Chan-mi transfers to her brother's school, Yongtan High, and meets Ji Soo-heon, who witnessed her brother's death. A ""hero,"" who avenges bullied students, appears at Yongtan High. Chan-mi speculates that it may be connected to her brother and starts looking for this hero.",10.0631,2022-11-09,False,Revenge of Others,8.3,309,"Drama, Mystery"
False,"10765, 10759, 18",211747,['KR'],ko,아일랜드,"Evil took its first step to destroy the world. On the mysterious island of Jeju Island, the gateway to this, ""Van,"" a mix of human and monster, ""Won Mi-ho,"" the one in the center of fate, and ""Johan,"" the one who exercises God’s power, come together. A strange, yet captivating, action-packed exorcism fantasy in which they fight evil, share the fate of saving the world, and defy their own...",9.557,2022-12-30,False,Island,8.063,245,"Sci-Fi & Fantasy, Action & Adventure, Drama"
False,"80, 18",233686,['KR'],ko,악연,"A fateful accident intertwines six lives in a thrilling tale of karma and crime, where each must face their own dark truths and connections.",8.8328,2025-04-04,False,Karma,7.5,114,"Crime, Drama"
False,"10759, 80, 18, 9648",112836,['KR'],ko,종이의 집: 공동경제구역,"Disguised under the shadows of a mask, a crew of desperados band together under the leadership of a criminal mastermind known only as “The Professor” to pull off the biggest heist Korea has ever seen.",8.1645,2022-06-24,False,Money Heist: Korea - Joint Economic Area,7.711,730,"Action & Adventure, Crime, Drama, Mystery"
False,"18, 10765, 10768",66433,['KR'],ko,달의 연인 - 보보경심 려,A story of a 25-year-old Go Hajin who is transported back in time to the Goryeo Dynasty. She then wakes up in the body of Lady Hae Soo and finds herself amongst the ruling princes of the Wang Family.,8.8982,2016-08-29,False,Scarlet Heart: Ryeo,8.508,597,"Drama, Sci-Fi & Fantasy, War & Politics"
False,18,281004,['KR'],ko,에스콰이어: 변호사를 꿈꾸는 변호사들,"A young, rookie lawyer with a strong sense of justice joins a top law firm — navigating the complex legal world under a cold, demanding mentor.",9.417,2025-08-02,False,Beyond the Bar,8.089,73,Drama
False,"18, 35",138251,['KR'],ko,이브,"The Republic of Korea is overturned by 2 trillion-won divorce scandal of a chaebol caused by one ordinary woman. It is about getting into the truth of the scandal and the top 1% rich couple who made it. Surprisingly, Lee Ra-el, a nobody who's not rich nor famous has caused the divorce. But Ra-el is a charming and intelligent woman who's mastered art, psychology, and even economics. if she wants to, she can get any kind of man with her looks and brain.",8.8507,2022-06-01,False,Eve,6.675,63,"Drama, Comedy"
False,"10751, 18",310326,['KR'],ko,사랑이 온다,"Some sacrificed love for the sake of family. Others walked away from their families to protect the ones they loved. And some, believing they were acting out of love, only left deeper wounds behind. Years of misunderstanding and conflict have driven them apart, but an unexpected bond and reunion bring them face-to-face once again. As lost love, tangled family ties, and the true feelings they have long kept hidden begin to surface, even the coldest hearts slowly begin to heal. Through love, forgiveness, and the courage to understand one another, they discover what it truly means to be a family. Can the scattered pieces of a family finally find their way back to one warm table?",9.1332,2026-07-25,False,Love on the Menu,7.0,1,"Family, Drama"
False,18,297659,['KR'],ko,친밀한 리플리,"Depicts the story of two lustful women, a mother and daughter who were bound by blood and now meet as mother-in-law and fight a war of lies to take over the golden palace.",6.7832,2025-09-22,False,A Graceful Liar,8.3,3,Drama
False,18,76662,['KR'],ko,나의 아저씨,"In a world that is less than kind, a young woman and a middle-aged man develop a sense of kinship as they find warmth and comfort in one another.",8.1331,2018-03-21,False,My Mister,8.549,203,Drama
False,"18, 10765, 10759",136369,['KR'],ko,내일,"Made half-human and half-spirit by accident, a young man is employed by a company of grim reapers in the underworld to carry out special missions.",9.2695,2022-04-01,False,Tomorrow,8.368,292,"Drama, Sci-Fi & Fantasy, Action & Adventure"
False,"18, 10766",72701,['KR'],ko,훈장 오순남,"This TV show revolves around Oh Soon Nam, a teacher at a traditional Korean school called Jeokhyeonjae where she nurtures students’ aspirations like a friend. Soon Nam is also married to the sole descendant of a head family clan that comes with heavy responsibilities. Then tragedy strikes her. Soon Nam embarks on an investigation to punish the people behind these injustices, and finds that she must choose between revenge and values she has lived by all her life. Always thinking of loved ones, she transforms into a person that people admire for her strength and perseverance in the face of adversity.",5.8719,2017-04-24,False,Teacher Oh Soon Nam,5.4,4,"Drama, Soap"
False,"18, 35",39037,['KR'],ko,욕망의 불꽃,"Flames of Desire is a South Korean television series starring Shin Eun-kyung, Seo Woo, Yoo Seung-ho, Jo Min-ki, and Lee Soon-jae. It aired on MBC from October 2, 2010 to March 27, 2011 on Saturdays and Sundays at 21:45 for 50 episodes.

The early working title was A Woman Only Loves Once in a Lifetime.",9.0043,2010-10-02,False,Flames of Desire,5.3,3,"Drama, Comedy"
False,"80, 18, 9648",300954,['KR'],ko,결혼의 완성,"Taeju and Seyun are on the verge of divorce. But when a drunken comment from Taeju gets Seyun kidnapped, everything changes. Even worse, he's now the prime suspect. Forced to go on the run, Taeju must rescue his wife on his own. To save her, he pushes himself to the absolute limit.",8.8418,2026-07-04,False,The Husband,8.636,22,"Crime, Drama, Mystery"
False,"10765, 18",259486,['KR'],ko,귀궁,"In a world of folklore and mysticism, a vengeful spirit and a devoted shaman cross paths, sparking a journey of love and redemption",8.8349,2025-04-18,False,The Haunted Palace,8.1,36,"Sci-Fi & Fantasy, Drama"
False,"18, 35",214999,['KR'],ko,나쁜 엄마,A tragic accident leaves an ambitious prosecutor with the mind of a child – forcing him and his mother to embark on a journey to heal their relationship.,7.7709,2023-04-26,False,The Good Bad Mother,8.874,198,"Drama, Comedy"
False,"18, 35",303590,['KR'],ko,형사,No overview available,9.1281,2003-11-07,False,형사,0.0,0,"Drama, Comedy"
False,"10765, 18",224030,['KR'],ko,조폭인 내가 고등학생이 되었습니다,"A spirit of a middle school dropout gangster who accidentally possesses an 18-year-old boy’s body who killed himself, goes back to high school to take a revenge against the bullies with his gangster skills and encounters unexpected relationship.",9.31,2024-05-29,False,High School Return of a Gangster,8.5,112,"Sci-Fi & Fantasy, Drama"
False,18,205319,['KR'],ko,정신병동에도 아침이 와요,"A kind-hearted nurse working in psychiatry goes above and beyond to be a ray of light for those under her care, despite the challenges coming her way.",8.4818,2023-11-03,False,Daily Dose of Sunshine,8.2,138,Drama
False,"35, 18",85404,['KR'],ko,진심이 닿다,"Hoping to make a comeback after a bad scandal, an actress agrees to research a new role by taking a job as a secretary for a prickly attorney.",12.7795,2019-02-06,False,Touch Your Heart,8.3,366,"Comedy, Drama"
False,"18, 10765, 35",116386,['KR'],ko,어느 날 우리 집 현관으로 멸망이 들어왔다,A woman with only a short time to live and a man with the supernatural power to bring the world to an end discover the true meaning of life and love.,9.0326,2021-05-10,False,Doom at Your Service,7.929,537,"Drama, Sci-Fi & Fantasy, Comedy"
False,"9648, 80, 18",89959,['KR'],ko,타인은 지옥이다,Unpleasant events disturb the life of an aspiring crime fiction writer when he becomes a resident of an apartment building teeming with shady neighbors.,7.8815,2019-08-31,False,Strangers from Hell,8.05,150,"Mystery, Crime, Drama"
False,"35, 18",281011,['KR'],ko,우주메리미,"A couple who pretend to be newlyweds, find themselves developing genuine feelings for each other as they navigate their fake marriage.",9.4973,2025-10-10,False,Would You Marry Me?,8.208,84,"Comedy, Drama"
False,"18, 10765, 35",215001,['KR'],ko,이 연애는 불가항력,A lawyer bound by a centuries-old curse becomes entangled with a civil servant who holds the key to his freedom — igniting an unexpected romance.,9.1739,2023-08-23,False,Destined with You,8.1,239,"Drama, Sci-Fi & Fantasy, Comedy"
False,"18, 10759",88463,['KR'],ko,아스달 연대기,"In a mythical land called Arth, the inhabitants of the ancient city of Arthdal and its surrounding regions vie for power as they build a new society.",8.9294,2019-06-01,False,Arthdal Chronicles,7.608,93,"Drama, Action & Adventure"
False,"18, 35",258764,['KR'],ko,이혼보험,"No Ki-jun, an employee at an insurance company, decides to develop a divorce insurance policy after personally experiencing three divorces that impacted his life and finances. Despite potential biases, he believes divorce is an unforeseen disaster and establishes a team for divorce insurance.",8.6437,2025-03-31,False,The Divorce Insurance,6.8,40,"Drama, Comedy"
False,"80, 35, 18, 9648",226102,['KR'],ko,크래시,"A drama about Cha Yeon-ho, a reasonable individualist from KAIST, and Min So-hee, a traffic investigation ace with cool judgment and warm sensitivity at the Traffic Crime Investigation (TCI).",8.7061,2024-05-13,False,Crash,8.611,18,"Crime, Comedy, Drama, Mystery"
False,"18, 10751",237565,['KR'],ko,조립식 가족,A youth romance about two men and woman who aren't blood related but treated each other as family during their teens and how they meet again after 10 years.,8.1675,2024-10-09,False,Family by Choice,8.043,94,"Drama, Family"
False,"35, 18, 9648",62266,['KR'],ko,"킬미, 힐미",A billionaire struggles with dissociative identity disorder after a traumatic childhood – can a newbie psychiatrist help him unite his alters?,8.2908,2015-01-07,False,"Kill Me, Heal Me",8.066,197,"Comedy, Drama, Mystery"
False,"35, 18",230448,['KR'],ko,Mr. 플랑크톤,"A man plagued by misfortune and his ex, the unluckiest bride-to-be, are forced to accompany one another on the final journey of his life.",8.7873,2024-11-08,False,Mr. Plankton,8.1,131,"Comedy, Drama"
False,"16, 18, 35",259695,['KR'],ko,셔트라인,"Doing what he can to pay his bills, Moon Shingun works as a rogue mechanic on the city streets. He barely scrapes by with this illegal work, so he does not think twice about convincing ignorant people with cash to burn to always return to him for his services.

The streets are far from safe, however, with the organized crime group known as the Mercifuls fighting their rivals for control. With drugs and death becoming commonplace in his hunting grounds, Shingun is looking to keep his pockets full; and when he overhears a car failing to start, its sound leads him to Jake Gillan, a Mercifuls member. Finding himself facing a man dressed to kill and with a seemingly bottomless wallet, Shingun believes he has hit the jackpot.",9.5681,2024-07-18,False,Shutline,7.375,4,"Animation, Drama, Comedy"
False,"18, 9648",250951,['KR'],ko,스캔들,"Jeong In is found dead, grasping a note forewarning her death. In the past, she and Min Tae Chang conspired and killed Baek Seol Ah's father and stole his fortune. After using the money she stole to become the CEO of a production company she found, she meets and falls for Seo Jin Ho, an aspiring actor who looks just like her first love. Jeong In transforms him into Jung Woo Jin, a top star. However, she learns that his former love is Baek Seol Ah and that Park Jin Kyung, the unrevealed writer of ""Poker Face,"" is the same person as Baek Seol Ah. Baek Seol Ah vows to get revenge after learning that her ex-boyfriend, Seo Jin Ho, is involved with Jeong In, who had murdered her father. She resolves to write a drama to complete her revenge. Could Baek Seol Ah be Moon Jeong In's murderer? The culprit was someone in the banquet hall, but everyone wished for Jeong In's death. Who was it, and for what reason did they kill her?",6.6661,2024-06-17,False,Snow White's Revenge,6.0,4,"Drama, Mystery"
False,"18, 35",133670,['KR'],ko,술꾼도시여자들,Three single women in 30s gather and talk about everyday life from work to love. Nothing is more important to them than enjoying a drink after work.,7.0783,2021-10-22,False,"Work Later, Drink Now",8.1,35,"Drama, Comedy"
False,"35, 18",80737,['KR'],ko,내 아이디는 강남미인,"Bullied for her looks, Mi-rae gets plastic surgery hoping for a better kind of life but faces new challenges in college. Based on a hit Korean webtoon.",8.5784,2018-07-27,False,My ID is Gangnam Beauty,7.321,156,"Comedy, Drama"
False,18,99490,['KR'],ko,한 번 다녀왔습니다,"Back at square one as divorcees, four siblings take another shot at love and dreams — after mustering up the courage to convince their parents first.",8.4521,2020-03-28,False,Once Again,7.6,16,Drama
False,"18, 35",201146,['KR'],ko,월수금화목토,"Contract marriage master Choi Sang-eun's alternate day romance with a long-term mystery client on Monday, Wednesday and Friday and a new superstar client on Tuesday, Thursday and Saturday.",8.3005,2022-09-21,False,Love in Contract,7.74,75,"Drama, Comedy"
False,18,15135,['KR'],ko,이산,"Yi San, also known as Wind of the Palace, is a 2007 South Korean historical drama, starring Lee Seo-jin, Han Ji-min, Park Eun-hye, and Lee Jong-soo. It aired on Munhwa Broadcasting Corporation from September 17, 2007 to June 16, 2008 on Mondays and Tuesdays at 21:55. The series was produced by Lee Byeong-Hoon, who also produced award-winning television series Dae Jang Geum.

It won ""Top Excellence Acting Award"" for Lee Seo Jin and ""Best Actress"" for Han Ji-min at MBC's Acting Awards.",8.4094,2007-09-17,False,"Lee San, Wind in the Palace",7.333,18,Drama
False,"80, 35, 9648, 18",202783,['KR'],ko,살인자ㅇ난감,"When one accidental killing leads to another, an ordinary young man finds himself stuck in an endless cat-and-mouse chase with a shrewd detective.",9.0934,2024-02-09,False,A Killer Paradox,7.364,202,"Crime, Comedy, Mystery, Drama"
False,"18, 35",222233,['KR'],ko,닥터 슬럼프,"Once rivals in school, two brilliant doctors reunite by chance — each facing life’s worst slump and unexpectedly finding solace in each other.",7.884,2024-01-27,False,Doctor Slump,8.1,149,"Drama, Comedy"
False,18,209275,['KR'],ko,일당백집사,"Baek Dong Joo, a newly hired funeral director, has the uncanny gift, or curse, to momentarily resurrect and talk to the recently deceased. She has to grant their last wishes or have her days be filled with a series of bad luck and accidents. And helping the little boy that first terrified her when he came to life will lead her down a path she never could have expected.

Kim Tae Hee works as a man for hire. Employed by his uncle Vincent running the newly opened errand service company “A Dime A Job” he can be hired for any odd (but legal) task.  One day, Kim Tae Hee encounters Baek Dong Joo, when he is hired by her boyfriend to break up with her in his stead. After that, their paths continue to cross, and by the virtue of their jobs, their fates get intertwined deeper and deeper in a series of life and death situations, surrounding the wishes of the people who had died, and the painful past it is going to unravel for both of them.",7.9105,2022-10-19,False,May I Help You?,7.809,55,Drama
False,"18, 35, 80, 9648",80919,['KR'],ko,서른이지만 열일곱입니다,"Gong Woo-Jin is a 30-year-old single man and he works as a set designer. Due to a trauma he experienced 13 years ago, he does not want to have a relationship with others. When Woo Seo-Ri  was 17, she fell into a coma. 13 years later, she wakes up from her coma. Her mental age is still that of a 17-year-old, but she is now 30-years-old. Gong Woo-Jin and Woo Seo-Ri get involved with each other and fall in love.",7.7199,2018-07-23,False,Still 17,7.967,75,"Drama, Comedy, Crime, Mystery"
False,"18, 35",233100,['KR'],ko,나의 완벽한 비서,"Yoo Eun-ho, a single dad armed with perfection, becomes the secretary of Kang Ji-yun, the CEO of a popular headhunter company, who doesn't do anything except work.",8.9101,2025-01-03,False,Love Scout,8.0,59,"Drama, Comedy"
False,18,48477,['KR'],ko,우리를 행복하게 하는 몇가지 질문,"The miniseries is composed of six different stories in a omnibus way, describing mondern society’s loneliness, misunderstanding between couples, trust with others, courtesy between lovers, and self-centered blame for others, etc. It is based on the sincere question why we are so unhappy and how I can make happiness.",7.246,2007-05-30,False,Several Questions That Make Us Happy,0.0,0,Drama
False,"80, 9648, 18",292121,['KR'],ko,허수아비,"A fiercely competitive police officer and an idealistic prosecutor, former high school classmates, reunite while investigating a nationwide serial murder case, pulling them into both a dangerous pursuit and an unresolved personal past.",8.1253,2026-04-20,False,The Scarecrow,8.2,13,"Crime, Mystery, Drama"
False,18,154887,['KR'],ko,나의 해방일지,"Three siblings, exhausted by the monotony of day-to-day adulthood, seek to find fulfillment and freedom from their unremarkable lives.",8.6219,2022-04-09,False,My Liberation Notes,7.9,96,Drama
False,"10768, 18",4734,['KR'],ko,주몽,"Jumong  examines the life of Jumong Taewang, founder of the kingdom of Goguryeo. Few details have been found in the historical record about Jumong, so much of the series is fictionalized.",9.5738,2006-05-15,False,Jumong,7.4,54,"War & Politics, Drama"
False,"18, 9648, 10759",134675,['KR'],ko,작은 아씨들,"Three sisters, who only have each other and never enough money, get entangled in a conspiracy involving the rich and powerful.",8.2818,2022-09-03,False,Little Women,7.969,194,"Drama, Mystery, Action & Adventure"
False,18,226527,['KR'],ko,하이라키,"The top 0.01% of students control law and order at Jooshin High School, but a secretive transfer student chips a crack in their indomitable world.",8.4188,2024-06-07,False,Hierarchy,7.7,184,Drama
False,18,156780,['KR'],ko,사랑했나봐,A woman whose best friend steals her husband and utterly destroys her life. A frenemy who wrecks a woman’s life and does all this for the sake of her daughter. How will justice prevail in their lives?,4.9851,2012-10-15,False,Maybe Love,0.0,0,Drama
False,"35, 18",281005,['KR'],ko,경도를 기다리며,"In their twenties, Lee Kyeong-do and Seo Ji-woo part ways after two passionate relationships. A decade later, they meet again as a reporter who covers an adultery scandal and the wife of the man at the center of that scandal. Reuniting in their late thirties, their youth has passed, but their love remains vivid. Kyeong-do now strives to prove to her and to himself that he still loves her.",8.4047,2025-12-06,False,Surely Tomorrow,7.7,32,"Comedy, Drama"
False,18,135840,['KR'],ko,우리들의 블루스,Romance is sweet and bitter — and life riddled with ups and downs — in multiple stories about people who live and work on bustling Jeju island.,8.0376,2022-04-09,False,Our Blues,8.466,87,Drama
False,"35, 18",68349,['KR'],ko,역도요정 김복주,"A competitive swimmer crosses paths with his childhood friend, a rising weight lifting star, and realizes that she has a secret crush on his cousin.",7.857,2016-11-16,False,Weightlifting Fairy Kim Bok-joo,8.498,962,"Comedy, Drama"
False,"35, 10765, 18",154822,['KR'],ko,별들에게 물어봐,"From two different worlds and with separate missions, an astronaut and a space tourist entangle in space — only to start falling for each other.",6.3181,2025-01-04,False,When the Stars Gossip,7.418,55,"Comedy, Sci-Fi & Fantasy, Drama"
False,18,69975,['KR'],ko,군주 - 가면의 주인,"In the 1700's, Crown Prince Lee Sun fights against Pyunsoo hwe. Pyunsoo hwe is an organization that has accumulated power and wealth through privatizing water all over Joseon. Crown Prince Lee Sun becomes a hope for the people who suffers. Ga-Eun is the woman Crown Prince Lee Sun loves and she helps him grow as a ruler.",7.0558,2017-05-10,False,The Emperor: Owner of the Mask,6.188,24,Drama
False,"18, 80",316234,['KR'],ko,금색 밀실,"Jeongsu and Yuho awaken imprisoned in an unidentified locked room, forced to stand naked before one another. A mysterious man known only as X, camera in hand, coldly compels them to engage in forbidden acts of intimacy. Caught between fear and raw physical instinct, the two strangers are drawn into a distorted relationship shaped by coercion and desire. This is a brutal test of survival that pushes the limits of sensation. Before they are consumed by a cruel secret, they must uncover the true motive behind their captor's twisted game.",8.561,2025-10-17,False,Secret,4.333,3,"Drama, Crime"
False,"18, 9648, 80",253905,['KR'],ko,지금 거신 전화는,A rising politician and his mute wife's tense marriage begins to unravel after a call from a kidnapper turns their lives upside down.,8.2136,2024-11-22,False,When the Phone Rings,8.326,308,"Drama, Mystery, Crime"
False,"10759, 18",135655,['KR'],ko,인사이더,"When a judicial apprentice goes behind bars while on an undercover job, he plays the hand he’s dealt to survive prison and get his payback.",7.1631,2022-06-08,False,Insider,5.6,28,"Action & Adventure, Drama"
False,"18, 9648",214994,['KR'],ko,청담국제고등학교,"Kim Hye-in has to transfer to Cheongdam International High School after witnessing a murder. She crosses paths with Baek Je-na, a bully who happens to be connected to the case.",8.436,2023-05-31,False,Bitch X Rich,8.2,42,"Drama, Mystery"
False,18,88398,['KR'],ko,녹두꽃,"Set during the period of the 1894 Donghak Peasant Revolution against the Japanese, the drama tells the story of two half-brothers, one illegitimate and low born, and one, part of the pro-Japanese ruling elite, who find themselves on opposite sides of the conflict.",7.5848,2019-04-26,False,The Nokdu Flower,7.7,8,Drama
False,"35, 18",135897,['KR'],ko,그 해 우리는,"Years after filming a viral documentary in high school, two bickering ex-lovers get pulled back in front of the camera — and into each other's lives.",7.98,2021-12-06,False,Our Beloved Summer,8.37,177,"Comedy, Drama"
False,"10765, 9648, 18",119955,['KR'],ko,Dr.브레인,"Brilliant brain scientist Sewon suffers a horrific personal tragedy. Desperate to uncover what happened to his family, he conducts ""brain syncs"" with the dead to access their memories for clues.",9.5654,2021-11-04,False,Dr. Brain,7.156,170,"Sci-Fi & Fantasy, Mystery, Drama"
False,"18, 9648",155231,['KR'],ko,"링크: 먹고, 사랑하라, 죽이게","Eun Gye-hoon, a famous chef, opens a restaurant in a town he lived when he was a little kid. In the past, he had a twin sister. But after a traumatic incident tat the hometown, the family lost her. He used to have a strong emotional link to his sister, able to synchronize with any kinds of feelings she was having. When Noh Da-hyun, a young woman in need of help, visits him one day, Gye-hoon starts to feel that strong link again.",8.5584,2022-06-06,False,"Link: Eat, Love, Kill",7.7,131,"Drama, Mystery"
False,"35, 18",46540,['KR'],ko,풀하우스 TAKE 2,"Full House Take 2 is a 2012 South Korean television series that was jointly produced by Korean, Chinese and Japanese companies. It aired on Japan's TBS-cable affiliate TBS Channel 2, and South Korean cable channel SBS Plus.

The term ""sequel"" is used loosely, since the series only shares the same premise as Won Soo-yeon's manhwa and the original 2004 hit Full House, but has a completely different set of characters and plot.",10.5436,2012-10-22,False,Full House Take 2,2.4,12,"Comedy, Drama"
False,"18, 10759, 10768",14234,['KR'],ko,해신,"Emperor of the Sea is a South Korean television drama series directed by Kang Il-soo and Kang Byung-taek and starring Choi Soo-jong, Chae Shi-ra, Song Il-gook and Soo Ae. It aired on KBS2 from November 24, 2004 to May 25, 2005 on Wednesdays and Thursdays at 21:50 for 51 episodes. The historical drama is based on Choi In-ho's novel of the same title, which depicts the life of Jang Bogo, who rises from a lowly slave to a powerful maritime figure who dominated the East Asia seas and international trade during the Unified Silla Dynasty.

The drama was received extremely well, holding the number one spot in the ratings for majority of the weeks it aired. It was also exported to eight countries earning approximately US$1.8 million in profits.

The filming set in Wando County, South Jeolla Province also became a tourist attraction.",8.3752,2004-11-24,False,Emperor of the Sea,6.1,14,"Drama, Action & Adventure, War & Politics"
False,"18, 10765",45579,['KR'],ko,해를 품은 달,"Years after she's assumed dead by the palace, a young noblewoman, now trained as a shaman, returns to court to reclaim her rightful position as queen.",8.1317,2012-01-04,False,Moon Embracing the Sun,7.943,236,"Drama, Sci-Fi & Fantasy"
False,18,129478,['KR'],ko,연모,"When the crown prince is killed, his twin sister assumes the throne while trying to keep her identity and affection for her first love a royal secret.",7.9627,2021-10-11,False,The King's Affection,8.096,301,Drama
False,"16, 18",232510,['KR'],ko,민용,"In a brutal underground world, a vampire medic and a wounded young fighter form a fragile bond—one built on pain, longing, and forbidden desire.",8.5639,2023-08-11,False,MIGNON,7.6,28,"Animation, Drama"
False,"35, 18",84327,['KR'],ko,SKY 캐슬,"For the families living at Sky Castle, an exclusive residential community that's home to Korea's elite, their children’s success means everything.",8.6098,2018-11-23,False,SKY Castle,8.019,81,"Comedy, Drama"
False,18,33828,['KR'],ko,자이언트,"Giant is a 2010 South Korean television series starring Lee Beom-soo, Park Jin-hee, Joo Sang-wook, Hwang Jung-eum, Park Sang-min, and Jeong Bo-seok. It aired on SBS from May 10 to December 7, 2010 on Mondays and Tuesdays at 21:55 for 60 episodes. Giant is a sprawling period drama about three siblings' quest for revenge during the economic boom of 1970-80s Korea. Tragically separated during childhood, the three reunite as adults and set out to avenge their parents' deaths, their fates playing out against a larger tide of power, money, politics, and the growth of a city.",6.1034,2010-05-10,False,Giant,8.1,7,Drama
False,"80, 9648, 18",271309,['KR'],ko,보물섬,"Seo Dong-ju, who hacked a political slush fund worth two trillion won, risks it all for revenge.",6.8553,2025-02-21,False,Buried Hearts,8.4,54,"Crime, Mystery, Drama"
False,"18, 35, 10759",66496,['KR'],ko,화랑,An elite group of young warriors trained in morals and martial arts finds love and friendship in Silla during Korea’s ancient Three Kingdoms period.,7.7518,2016-12-19,False,Hwarang: The Poet Warrior Youth,7.887,283,"Drama, Comedy, Action & Adventure"
False,"18, 9648",286094,['KR'],ko,태양을 삼킨 여자,"Depicts the story of Baek Seol Hui, a single mother who runs a snack bar and raises her daughter alone, confronting a chaebol family for her daughter's revenge.",6.1489,2025-06-09,False,The Woman Who Swallowed the Sun,6.5,2,"Drama, Mystery"
False,"35, 18",81332,['KR'],ko,러블리 호러블리,"Philip and Eul Soon are bound by an unusual fate: one’s happiness always results in the other’s misfortune. The two start writing a drama together, and the events in the screenplay mysteriously begin occurring in real life.",15.0625,2018-08-13,False,Lovely Horribly,5.9,12,"Comedy, Drama"
False,"35, 18",285770,['KR'],ko,얄미운 사랑,A hateful romance between a professional detective actor who wants to become a melodrama master and a female reporter who was demoted from a political reporter who won the Reporter of the Year award to the entertainment department.,8.1877,2025-11-03,False,Nice to Not Meet You,7.697,33,"Comedy, Drama"
False,"35, 10751, 18",296009,['KR'],ko,아기가 생겼어요,"A man and a woman who swore off marriage find their carefully controlled lives overturned after a one-night mistake forces them into an unexpected, reverse romance neither planned nor wanted.",7.6531,2026-01-17,False,Positively Yours,8.8,32,"Comedy, Family, Drama"
False,"18, 10766",77705,['KR'],ko,아임쏘리 강남구,Jung Mo-A (Kim Min-Seo) marries Park Do-Hoon (Lee In). They both grew up at the same orphanage. Park Do-Hoon learns that he is the son from a wealthy family. He dumps Jung Mo-A and marries Cha Young-Hwa (Lee Na-Kyung). Her father is a powerful politician.,5.3433,2016-12-19,False,I'm Sorry Kang Nam-Goo,6.5,4,"Drama, Soap"
False,18,230524,['KR'],ko,완벽한 결혼의 정석,"Waking from a fatal accident to find herself in the past, Han Yi-joo teams up with Seo Do-guk to take revenge on the family who never loved her.",8.1331,2023-10-28,False,Perfect Marriage Revenge,8.0,84,Drama
False,"18, 10751",24633,['KR'],ko,인어 아가씨,"An estranged daughter vows to take revenge on her father, who abandoned her and her mother.",8.7576,2002-06-24,False,Story of a Mermaid,5.1,10,"Drama, Family"
False,"10765, 10759, 18",208825,['KR'],ko,기생수: 더 그레이,"When unidentified parasites violently take over human hosts and gain power, humanity must rise to combat the growing threat.",7.9017,2024-04-05,False,Parasyte: The Grey,7.4,341,"Sci-Fi & Fantasy, Action & Adventure, Drama"
False,"18, 10751",64034,['KR'],ko,엄마,"Yoon Jung Ae raised her 4 kids by herself. Now, her kid already grown up but none of them really care about her.",6.959,2015-09-05,False,Mom,4.0,1,"Drama, Family"
False,"18, 35",219651,['KR'],ko,웰컴투 삼달리,"After suffering a fall from grace, a photographer returns to her hometown and bumps into her childhood friend — rekindling an unfinished romance.",7.5254,2023-12-02,False,Welcome to Samdal-ri,8.2,142,"Drama, Comedy"
False,"18, 35, 10765",209502,['KR'],ko,오늘도 사랑스럽개,Hae-na who is bound to inherit her family curse which is turning into a dog after getting her first kiss. The only way to break the curse is to get a second kiss. The problem is the guy who gave Hae-na her first kiss is afraid of dogs.,7.4126,2023-10-11,False,A Good Day to be a Dog,8.343,105,"Drama, Comedy, Sci-Fi & Fantasy"
False,18,287267,['KR'],ko,여왕의 집,"A wealthy designer yearning for a simpler life has her world turned upside down by a shocking event, drawing her into the path of a compassionate surgeon whose life is consumed by a quest for revenge after a heartbreaking loss.",5.4256,2025-04-28,False,Queen's House,7.0,2,Drama
False,"18, 10765, 9648",62078,['KR'],ko,블러드,"Park Ji-sang, a surgeon, leads a double life. While he tries to save his patients' lives, on the other hand, he is also a vampire who constantly craves for blood.",10.0942,2015-02-16,False,Blood,7.4,51,"Drama, Sci-Fi & Fantasy, Mystery"
False,"18, 36",21771,['KR'],ko,선덕여왕,"A royal prophecy warns that the birth of twins will end the male line of succession. To protect the kingdom, one twin sister is exiled to a distant desert, growing up unaware of her royal heritage. Years later, she returns disguised as a man, joining an elite order of warriors. Alongside loyal allies and an outcast warrior, she fights to reclaim her identity and overthrow a corrupt rival faction threatening the throne.",7.4495,2009-05-25,False,The Great Queen Seondeok,7.1,42,"Drama, Unknown"
False,18,96571,['KR'],ko,무브 투 헤븐: 나는 유품정리사입니다,"Finding life in all that’s left behind, a detail-oriented trauma cleaner and his estranged uncle deliver untold stories of the departed to loved ones.",7.7219,2021-05-14,False,Move to Heaven,8.0,388,Drama
False,"10751, 35, 18",271890,['KR'],ko,독수리 5형제를 부탁해!,"After her husband's sudden death just ten days into their marriage, the eldest sister-in-law must step up as the head of the family, navigating the complex relationships with her five unique brothers-in-law.",8.9203,2025-02-01,False,For Eagle Brothers,8.3,6,"Family, Comedy, Drama"
False,"35, 18",305551,"['KR', 'JP']",ja,メリーベリーラブ,"A Korean designer, seeking a fresh start after a setback, moves to a remote Japanese island and begins an international romantic comedy with a strawberry farmer suffering from a mysterious illness.",6.9814,2026-10-07,False,Merry Berry Love,0.0,0,"Comedy, Drama"
False,"9648, 18",205040,['KR'],ko,아다마스,"Twin brothers Woo-sin and Soo-hyun lose their father in a murder case. Twenty-two years later, the brothers seek to clear their father's name.",7.1824,2022-07-27,False,Adamas,6.7,50,"Mystery, Drama"
False,18,63927,['KR'],ko,육룡이 나르샤,"The ambitious success stories of 6 people surrounding Prince Lee Bang Won, and the ideological and political conflict between Prince Lee Bang Won and Jung Do Jeon, the man instrumental in helping King Taejo establish the fledgling Joseon nation.",7.4883,2015-10-05,False,Six Flying Dragons,7.188,32,Drama
False,"9648, 18",226529,['KR'],ko,조명가게,"In a mysterious shop that sells lamps, the dead may return to the world of the living, while the living may not walk out alive.",7.9531,2024-12-04,False,Light Shop,8.425,266,"Mystery, Drama"
False,"35, 18",63767,['KR'],ko,그녀는 예뻤다,A former ugly duckling tries to track down his childhood first love. But what will happen when a case of false identities backfires?,7.4776,2015-09-16,False,She Was Pretty,8.269,982,"Comedy, Drama"
False,"18, 9648, 10765",157383,['KR'],ko,금수저,"Would you trade your poor but loving family for a life of riches? When Seung Cheon gets his hands on a magical spoon that allows him to switch lives with his rich best friend, he thinks it’s a no-brainer. But life-altering decisions are always accompanied by a sense of doubt, and with only three chances to change his mind, Seung Cheon has to decide which of his two possible futures is worth keeping.",7.7335,2022-09-23,False,The Golden Spoon,7.0,47,"Drama, Mystery, Sci-Fi & Fantasy"
False,"18, 9648",224819,['KR'],ko,탄금,"When a long-missing heir returns with lost memories, love and suspicion entwine. Is he truly Hongrang, or a stranger disturbing hearts and family ties?",7.4815,2025-05-16,False,Dear Hongrang,7.4,64,"Drama, Mystery"
False,"10751, 35, 18",262831,['KR'],ko,결혼하자 맹꽁아!,"A delightful family drama that asks the true meaning of 'happiness' by showing various aspects of marriage such as divorce, remarriage, and single life, and brings about empathy and laughter from all generations.

Maeng Gong Hee is a contract designer at Jayce Fashion. Having inherited her strong mother's spirit and her former detective father's athletic ability, she is a rare wild woman these days who has the guts to survive even if she were to be stranded on a deserted island.

Gu Dan Soo is the grandson of Jayce Fashion Chairman Hwang Ik Seon and born to a wealthy father and a poor mother. Dan Soo, who was living as a free spirit in a foreign country, comes to Korea according to his grandmother's plan to make a successor to the chairman out of him and he reunites with childhood friend Maeng Gong Hee once again.",6.0336,2024-10-07,False,My Merry Marriage,6.4,5,"Family, Comedy, Drama"
False,"10765, 18, 9648",232402,['KR'],ko,S라인,A young woman with the ability to see mysterious red connections between lovers discovers her secret gift is no longer unique when special glasses granting similar powers appear on the black market.,7.9532,2025-07-11,False,S Line,7.529,172,"Sci-Fi & Fantasy, Drama, Mystery"
False,"18, 35, 10765",315007,['KR'],ko,공감세포,"A former top actress who has lost her ability to feel and a psychological counselor who feels too much are brought together through a mysterious ability to share emotions. As she begins to rediscover emotions through him, and he learns to manage the overwhelming weight of empathy through her, the two gradually heal each other in unexpected ways.",8.113,2026-07-04,False,Love in Sync,6.75,4,"Drama, Comedy, Sci-Fi & Fantasy"
False,"18, 35, 9648",61611,['KR'],ko,피노키오,In-ha and Ha-myeong become reporters for different reasons: one aspires to follow in her mother's footsteps and the other seeks to do honest news.,6.6599,2014-11-12,False,Pinocchio,8.2,648,"Drama, Comedy, Mystery"
False,18,48911,['KR'],ko,TV소설 사랑아 사랑아,A love drama about two men in love with half-sisters but raised like real twin sisters in the setting of the 60s to the 70s.,7.3813,2012-05-07,False,"Love, My Love",0.0,0,Drama
False,"10765, 35, 18",97219,['KR'],ko,"하이바이, 마마!","Cha Yu-ri died in an accident five years ago, leaving her husband Cho Gang-hwa to raise their daughter by himself. She becomes a ghost and watches over them until one fateful day she is brought back to life by the deities and told she can become human again if she returns to her place in 49 days. Though her husband has remarried, so she must decide between her or his happiness as she slowly re-integrates back into her old lifestyle.",6.3809,2020-02-22,False,"Hi Bye, Mama!",8.11,456,"Sci-Fi & Fantasy, Comedy, Drama"
False,18,248155,['KR'],ko,용감무쌍 용수정,"An ingenuous home-shopping host Yong Sujeong dreams of becoming a successful businesswoman who wins people before money. After losing her parents as a kid, she travels around the country with tinker Yong Jangwon and grows up as a strong woman full of courage. She may look fierce on the outside, but in fact, she is a softhearted, clumsy crybaby and a dork who cannot even make eye contact with her crush, Ju Ujin. Meanwhile, there is Yeo Uiju, a man who gets on her nerves by loafing around her. As a soldier, he is more logical rather than empathetic, but he passes out whenever he gets drunk. He loses his face after meeting Sujeong, who drinks like a fish, but he starts to fall for her. By a twist of fate, he realizes he is the second grandson of Masung Group, and his older brother is Sujeong's crush, Ujin.",5.8833,2024-05-06,False,The Brave Yong Su Jeong,6.5,6,Drama
False,"35, 18",3215,['KR'],ko,커피프린스 1호점,"An immature company heir falls for his hardworking new cafe employee, but there’s a catch: he thinks she’s a man, and he's... ok with it?",7.5939,2007-07-02,False,Coffee Prince,8.157,289,"Comedy, Drama"
False,18,292107,['KR'],ko,야화첩,A young artist who creates homoerotic scenes finds himself entangled in a complicated relationship with a nobleman who has an obsessive interest in both his artwork and himself.,7.8548,2026-05-28,False,Painter of the Night,7.2,4,Drama
False,"18, 80, 9648",157161,['KR'],ko,형사록,A veteran detective who is about to retire unfolds a breathtaking psychological warfare with a mysterious man who follows his path while hiding his identity.,6.641,2022-10-26,False,Shadow Detective,6.34,50,"Drama, Crime, Mystery"
False,"10751, 18",68462,['KR'],ko,황금주머니,"When Han Suk-Hoon was little, he was adopted by a family in the United States. He returns to Korea as an adult and works as an excellent surgeon, but he falls into a bottomless pit. He succeeds as a dumpling master.",5.2087,2016-11-14,False,Golden Pouch,5.0,4,"Family, Drama"
False,"35, 18",93541,['KR'],ko,조선로코 - 녹두전,"While on the run for his life, a young man discovers that the best place to lie low is in a village of widows — disguised as a woman.",7.976,2019-09-30,False,The Tale of Nokdu,7.101,89,"Comedy, Drama"
False,"18, 10765, 9648",96777,['KR'],ko,고요의 바다,"During a perilous 24-hour mission on the moon, space explorers try to retrieve samples from an abandoned research facility steeped in classified secrets.",8.2851,2021-12-24,False,The Silent Sea,7.593,734,"Drama, Sci-Fi & Fantasy, Mystery"
False,"18, 35, 9648, 80",156888,['KR'],ko,마스크걸,An office worker who is insecure about her looks becomes a masked internet personality by night — until a chain of ill-fated events overtakes her life.,7.465,2023-08-18,False,Mask Girl,7.42,193,"Drama, Comedy, Mystery, Crime"
False,"18, 9648",135786,['KR'],ko,괴이,"A giant Buddha statue is unearthed in a small rural town. The mayor believes that it will change the town into a major tourist attraction. However, a catastrophe starts to grow. A centuries-old curse is unleashed from the statue, and it starts to eat up people's souls and make them non-human. Jung Ki-hoon, as archaeologist tries to seek the truth behind the paranormal phenomenon.",7.0315,2022-04-29,False,Monstrous,6.08,44,"Drama, Mystery"
False,"35, 18",70813,['KR'],ko,쌈 마이웨이,A former taekwondo champion and an information desk worker aspire to chase their dreams in a world that isn't kind to those with mediocre credentials.,6.8486,2017-05-22,False,Fight for My Way,7.975,158,"Comedy, Drama"
False,"10759, 35, 18",248244,['KR'],ko,언더커버 하이스쿨,"Ace NIS agent Jung Hae-seong is demoted after a mission failure. He goes undercover at a high school to locate King Gojong's missing gold, meeting his teacher Oh Soo-ah, who sees him as her lost first love, stirring old heartbreak.",7.3887,2025-02-21,False,Undercover High School,8.0,63,"Action & Adventure, Comedy, Drama"
False,"35, 18",284744,['KR'],ko,프로보노,"When a respected judge's world falls apart overnight, he joins a top law firm's pro bono team — where hope and purpose wait in humble, unexpected places.",7.2236,2025-12-06,False,Pro Bono,8.282,39,"Comedy, Drama"
False,18,194797,['KR'],ko,이두나!,A college student navigates life and school while dealing with a unique predicament — he's living with a beautiful former K-pop sensation.,7.596,2023-10-20,False,Doona!,7.702,225,Drama
False,18,66037,"['KR', 'VN']",vi,Tuổi Thanh Xuân,"Thuy Linh – a beautiful, innocent girl that is pampered by her parents has realized her dream of coming to Korea to study and satisfy her passion for K-pop and Korean culture. Linh entered an independent life in a foreign country starting with winning a scholarship at a university in Seoul. Incidentally sharing the inn with Khanh, Mai and Junsu – the son of the beautiful but rebellious hostess, Linh has had many difficulties when Junsu is the star who always brings trouble for her. It was thought that as many people with different personalities and preferences living under one roof would not be reconciled, but all four of them and other friends overcame all disagreements and had a good time.",7.2024,2014-12-17,False,Forever Young,0.0,0,Drama
False,"18, 80, 10759",212957,['KR'],ko,샤크: 더 스톰,"An action noir about the life of Cha Woo-sol, who was born again after meeting martial arts champion Jeong Do-hyeon in a juvenile prison.",8.2132,2025-05-15,False,Shark: The Storm,7.4,19,"Drama, Crime, Action & Adventure"
False,"18, 35, 9648",84464,['KR'],ko,복수가 돌아왔다,"When Kang Bok-Soo was a high school student, he was falsely accused of committing violence and kicked out of school. This was caused by his first love Son Soo-Jung and a male student Oh Se-Ho. Kang Bok-Soo is a now an adult, but his life has not gone smoothly. To get revenge on Son Soo-Jung and Oh Se-Ho, he returns to the same high school as a student. The environment at the school has changed and Kang Bok-Soo gets involved in unexpected cases.",6.685,2018-12-10,False,My Strange Hero,7.5,56,"Drama, Comedy, Mystery"
False,"18, 35",197083,['KR'],ko,신병,"A hyper-realistic comedy depicting the story of a 'military' recruit enlisting in a place where all kinds of people, from the good to the bad to the weird, gather.",7.8934,2022-07-22,False,New Recruit,8.5,6,"Drama, Comedy"
False,"10759, 18",224732,['KR'],ko,우씨왕후,"Upon the announcement of the king's death in Goguryeo, a fierce battle ensues among tribes. Queen Woo, who immediately becomes the target of princes and five tribes vying for the throne, struggles to crown a new king within 24 hours. Will Queen Woo be able to transcend the constraints of gender and era to carve out her own destiny?",7.6338,2024-08-29,False,Queen Woo,8.0,35,"Action & Adventure, Drama"
False,"18, 9648, 80",135658,['KR'],ko,백설공주에게 죽음을-Black Out,"Two 19 year old girls were brutally murdered. The bodies were abandoned and could not be found anywhere inside the warehouse scattered with blood. The only suspect, was their friend. He was drunk on the night of the incident. He doesn’t recall a single memory. No memories of committing a murder. No memories of not committing a murder either. The boy had become a young adult by the time he was released from prison in 11 years. He wished to pursue a quiet life… But another murder flips the village. A white bone carcass has been discovered. The real devil is hiding somewhere within the seemingly peaceful village. Who’s the real devil?",6.2869,2024-08-16,False,Black Out,8.647,17,"Drama, Mystery, Crime"
False,"18, 35",229958,['KR'],ko,애마,"In 1980s Korea, a movie star and a starlet defy male-dominated industry rules and backstage corruption while filming the provocative ""Madame Aema.""",7.3807,2025-08-22,False,Aema,7.4,21,"Drama, Comedy"
False,"35, 18, 10751",88131,['KR'],ko,하이킥! 짧은 다리의 역습,"Ahn Nae Sang and Yoon Yoo Sun are middle aged husband and wife. When his business goes bankrupt, this couple moves in to her brother's house and the conflict starts.",6.8066,2011-09-19,False,High Kick: Revenge of the Short Legged,6.278,9,"Comedy, Drama, Family"
False,"18, 35",211260,['KR'],ko,판타G스팟,"A warm, friendly, considerate person, Hee Jae is surrounded by people who claim to know and love her. The problem for Hee Jae is that she isn’t really sure if she really understands herself. On the other hand, Mi Na is Hee Jae's confident and energetic best friend and colleague at Play Books, a supplier of books and related products centered around sex and romance. While an expert in how to achieve physical pleasure, her understanding falls short on romantic relationships. When they find themselves told to take over hosting a sex and romance advice podcast, the two feel more than a little lost...",8.0919,2022-12-23,False,Hit the Spot,7.793,29,"Drama, Comedy"
False,"9648, 35, 18, 10765",210781,['KR'],ko,소용없어 거짓말,"A woman who can't trust people because of her ability to hear lies and a mystic composer who hid his indescribable identity, become involved in each other's lives to uncover the truth.",7.498,2023-07-31,False,My Lovely Liar,7.755,92,"Mystery, Comedy, Drama, Sci-Fi & Fantasy"
False,18,308290,['KR'],ko,러브: 트랙,"A romance anthology featuring 10 different love stories, each with its own unique tone and charm. It has an ensemble cast.",5.4457,2025-12-14,False,Love: Track,5.8,5,Drama
False,"18, 9648, 35",274570,['KR'],ko,이강에는 달이 흐른다,"In Joseon, a vengeful crown prince and a memory-lost merchant mysteriously swap bodies, unraveling a web of chaos, secrets, and unexpected fate.",6.7985,2025-11-07,False,Moon River,8.9,27,"Drama, Mystery, Comedy"
False,"18, 35",125437,['KR'],ko,라켓소년단,A city kid is brought to the countryside by his father's new coaching gig: reviving a ragtag middle school badminton team on the brink of extinction.,6.7805,2021-05-31,False,Racket Boys,8.0,31,"Drama, Comedy"
False,"18, 10765, 10759",201019,['KR'],ko,구미호뎐1938,"The Nine-tailed fox makes a crash landing in the year 1938, an era of chaos, and he struggles to return to the present.",7.5235,2023-05-06,False,Tale of the Nine Tailed 1938,8.119,88,"Drama, Sci-Fi & Fantasy, Action & Adventure"
False,"10759, 18",238458,['KR'],ko,캐셔로,An ordinary man who inherits super strength discovers a greater evil out to steal his power. The one catch? Every use drains money from his wallet.,7.3382,2025-12-26,False,Cashero,7.3,90,"Action & Adventure, Drama"
False,"18, 80, 9648",278113,['KR'],ko,골드랜드,"A young woman working as an airport security agent accidentally comes into possession of a smuggling ring’s gold bars. Caught in a chaotic whirlwind of greed and betrayal among various parties vying for the gold, she becomes consumed by the desire to claim it all for herself.",7.1863,2026-04-29,False,Gold Land,7.733,43,"Drama, Crime, Mystery"
False,"18, 80",74821,['KR'],ko,슬기로운 감빵생활,"With his major league baseball debut right around the corner, a star pitcher lands in prison and must learn to navigate his new world.",7.331,2017-11-22,False,Prison Playbook,8.243,107,"Drama, Crime"
False,"35, 18",78869,['KR'],ko,일단 뜨겁게 청소하라,"Gil Oh-so, an employee at a cleaning company, meets Jang Seon-gyul, the boss of the company. The two are diametric opposite when it comes to cleanliness. With the help of Oh-sol, Seon-gyul faces his mysophobia and falls in love with her.",8.5075,2018-11-26,False,Clean with Passion for Now,7.5,71,"Comedy, Drama"
False,18,226649,['KR'],ko,옥씨부인전,"The fierce survival and success of a female slave in the Joseon Dynasty, and the story of a woman whose name, identity, and even her husband were all fake.",7.1984,2024-11-30,False,The Tale of Lady Ok,8.5,28,Drama
False,"80, 10759, 18",82032,['KR'],ko,플레이어,The story about the revenge of four talented individuals in their respective fields who create an elite team to solve crimes.,6.4121,2018-09-29,False,Player,7.741,29,"Crime, Action & Adventure, Drama"
False,18,126035,['KR'],ko,"알고있지만,",The intoxicating charm of a flirtatious art school classmate pulls a reluctant love cynic into a friends-with-benefits relationship.,7.4943,2021-06-19,False,"Nevertheless,",7.3,230,Drama
False,"18, 35",66329,['KR'],ko,닥터스,"A recalcitrant, delinquent teen girl meets a compassionate teacher, who inspires her to alter her path and become a street-savvy neurosurgeon.",6.3309,2016-06-20,False,Doctors,8.125,331,"Drama, Comedy"
False,"9648, 18, 80, 35",285278,['KR'],ko,아이돌아이,"Maeng Se-na, a top star criminal lawyer who has been a fangirl for fifteen years, tries to prove her favorite idol’s innocence, who is suspected of murder.",7.7979,2025-12-22,False,Idol I,7.8,29,"Mystery, Drama, Crime, Comedy"
False,18,206689,['KR'],ko,사랑한다고 말해줘,"Since he lost his hearing, Cha Jin-woo has gotten used to his solitary life. One day, an aspiring actress Jung Mo-eun, enters his quiet daily routine.",6.9864,2023-11-27,False,Tell Me That You Love Me,7.909,22,Drama
False,"9648, 18",241860,['KR'],ko,클라이맥스,"An ambitious prosecutor rises through Korea’s elite by marrying a famous actress, only to be pulled into a ruthless power cartel where hidden informants, corporate heirs, and political players collide in a brutal struggle for survival and control.",7.4177,2026-03-16,False,Climax,6.9,12,"Mystery, Drama"
False,"80, 18",310024,['KR'],ko,블러디 플라워,"A former medical school dropout claiming to be able to cure terminal illnesses is sentenced to death for the murder of 17 people. Is he a monstrous killer, or a savior holding the cure for humanity?",7.245,2026-02-04,False,Bloody Flower,8.023,22,"Crime, Drama"
False,"18, 10759, 9648",84107,['KR'],ko,황후의 품격,"In an alternate-reality South Korea, where a constitutional monarchical system prevails, Oh Sunny, a musical actress, becomes the empress of the country. Thus begins a dispute for power in the royal palace. Nothing is what it seems, and Oh Sunny is ready to fight until the end to uncover a mysterious homicide within the royal palace, fighting to protect those she loves the most and obtain happiness.",5.7024,2018-11-21,False,The Last Empress,6.259,27,"Drama, Action & Adventure, Mystery"
False,"18, 10765",153496,['KR'],ko,재벌집 막내아들,"After ten years, a loyal employee is framed for embezzlement, then murdered by his employers, only to be reborn as their youngest son, with a yearn for revenge guiding his hostile takeover.",7.4216,2022-11-18,False,Reborn Rich,8.004,120,"Drama, Sci-Fi & Fantasy"
False,"18, 35, 10765",108261,['KR'],ko,철인왕후,"A modern chef suddenly becomes trapped inside the body of a queen from the Joseon era, which causes chaos for everyone involved.",8.795,2020-12-12,False,Mr. Queen,8.505,508,"Drama, Comedy, Sci-Fi & Fantasy"
False,18,116671,['KR'],ko,미스 몬테크리스토,"A suspenseful revenge drama about a woman whose life was destroyed by the friends she trusted most. After making up her mind to take revenge on those who betrayed her, she returns to reclaim the life that was stolen from her.",4.7969,2021-02-15,False,Miss Monte-Cristo,6.0,7,Drama
False,"35, 18",5279,['KR'],ko,궁,A high school girl’s world turns upside-down after she learns her grandfather promised her hand in marriage to the nation’s crown prince!,7.1688,2006-01-11,False,Princess Hours,7.6,150,"Comedy, Drama"
False,"10768, 18",70395,['KR'],ko,용의 눈물,"This drama depicts the turbulent period spanning from the reign of King Taejo (born Lee Seong Gye), the founder of the Joseon dynasty, to King Sejong.",5.5433,1996-11-24,False,Tears of the Dragon,0.0,0,"War & Politics, Drama"
False,"18, 9648",223326,"['KR', 'US']",ko,북극성,"Seo Munju, a highly accomplished diplomat and former ambassador to the United Nations, and Sanho, an international special agent shrouded in a veil of secrets, race to uncover the truth behind an attack that threatens the future stability of the Korean peninsula.",6.9331,2025-09-10,False,Tempest,7.553,85,"Drama, Mystery"
False,18,76241,['KR'],ko,드라마 스테이지,South Korean anthology series featuring one-act dramas selected from the O'PEN Drama Storyteller Exhibition.,7.2077,2017-12-02,False,Drama Stage,4.0,3,Drama
False,18,316352,['KR'],ko,대리,"Jae-hoon is a timid man who works as a designated driver to make ends meet after being unfairly fired. When he becomes the target of violent exploitation by Jun-hyuk, a drunken team leader at a major corporation, he finds himself trapped in an abnormal relationship marred by power and emotional dependence. Within this toxic cycle, Jae-hoon struggles to reclaim his lost dignity and humanity.",7.8033,2026-02-20,False,Proxy Driver,4.0,4,Drama
False,"9648, 80, 18",326991,['KR'],ko,욕망의 덫,"Falsely accused of murder, a woman loses everything overnight. Determined to reclaim her stolen life, she uncovers a far-reaching conspiracy as she exposes hidden truths and confronts the powerful figures who sacrificed innocent lives to protect their own ambitions.",6.9357,2026-08-10,False,A Trap Called Desire,10.0,1,"Mystery, Crime, Drama"
False,"18, 35",154824,['KR'],ko,이번 생도 잘 부탁해,"Ban Ji-eum can endlessly reincarnate. But when her 18th life gets cut short, she dedicates the next one to finding her now grown-up childhood love.",6.9188,2023-06-17,False,See You in My 19th Life,8.131,221,"Drama, Comedy"
False,18,196572,['KR'],ko,비밀의 집,"A story about quitting being a good boy and chasing evil to the end for the sake of the mother and sister who sacrificed for themselves.

A revenge play in which a dirt spoon lawyer chasing the traces of his missing mother walks into the secret surrounding him to fight the world.",4.9341,2022-04-11,False,The Secret House,5.2,17,Drama
False,"18, 35",202318,['KR'],ko,일타 스캔들,"The series follows the bittersweet relationship between a banchan shop owner whose daughter enters the war of Korea's college entrance exams, and a top hagwon instructor.",6.8575,2023-01-14,False,Crash Course in Romance,8.182,132,"Drama, Comedy"
False,18,72549,['KR'],ko,다시 만난 세계,"Although born in the same year, two childhood friends end up being 13 years apart because they have aged surprisingly at different places (worlds) for some strange reason. Now Eom Hyeon Soo is a 31-year-old woman but Sung Hae Sung is still a 18-year-old boy. Cha Won Yooung is a chef also interested in Eom Hyeon Soo.",5.8742,2017-07-19,False,Reunited Worlds,7.6,51,Drama
False,18,99477,['KR'],ko,그 남자의 기억법,A deep connection forms between a news anchor who remembers every moment he's ever lived and an actress who's lost the memories of her past.,5.6409,2020-03-18,False,Find Me in Your Memory,8.049,41,Drama
False,18,82298,['KR'],ko,여우각시별,"At Incheon International Airport, brilliant but distant engineer Lee Soo-yeon and clumsy, idealistic rookie Han Yeo-reum cross paths as they navigate tough challenges, personal secrets, and unexpected connections in their new jobs.",6.6617,2018-10-01,False,Where Stars Land,7.4,44,Drama
False,"18, 10765",135895,['KR'],ko,키스 식스 센스,"Hong Ye-sul, a competent account executive at an advertising company, has one secret— she can see the future when her lips come into contact with another person. When Ye-sul accidentally kisses her stern team chief Cha Min-hu, she sees the impossible: herself in bed with him some time in the future. To add to her confusion and frustration, her ex-boyfriend Lee Pil-yo is attempting to win back her heart, shaking her life up even more.",6.78,2022-05-25,False,Kiss Sixth Sense,7.906,69,"Drama, Sci-Fi & Fantasy"
False,18,273418,['KR'],ko,서초동,Story of a lawyer who is known for his good appearance and straightforward personality and is working with Gyeongmin Law Firm for 9 years.,7.1278,2025-07-05,False,Law and the City,7.6,39,Drama
False,18,261980,['KR'],ko,미지의 서울,"Twin sisters, whose similarities end with their looks, swap identities amid personal struggles — embarking on a journey to rediscover love and life.",7.8269,2025-05-24,False,Our Unwritten Seoul,8.438,96,Drama
False,"10759, 18",40016,['KR'],ko,무사 백동수,"Warrior Baek Dong-soo is a 2011 South Korean fusion historical/action television series starring Ji Chang-wook, Yoo Seung-ho, Yoon So-yi, Shin Hyun-bin, Choi Min-soo and Jun Kwang-ryul. It aired on SBS from July 4 to October 10, 2011 on Mondays and Tuesdays at 21:55 for 29 episodes. Based on the 2010 comic Honorable Baek Dong-soo by Lee Jae-heon, the series is about how Joseon historical figure Baek Dong-soo grew to become a swordsman and folk hero. Baek was one of the three authors of Muyedobotongji, a pivotal martial arts work commissioned by King Jeongjo. Set against the backdrop of political maneuverings in Joseon between different factions, namely those led by King Jeongjo, by the Qing ambassador, by the Japanese swordsman Kenzo, and the assassin's guild Heuksa Chorong, at its core the series is a coming-of-age drama about brotherhood, friendship, loyalty and honor.",5.9148,2011-07-04,False,Warrior Baek Dong Soo,6.2,15,"Action & Adventure, Drama"
False,"35, 18",66560,['KR'],ko,질투의 화신,"A weather girl reunites with her old crush, a haughty reporter at her TV station. But this time, she has her eyes on someone else -- his best friend.",5.9075,2016-08-24,False,Don't Dare to Dream,8.1,46,"Comedy, Drama"
False,"18, 10749",63787,['KR'],ko,엔젤 아이즈,"Yoon Soo-wan and Park Dong-joo were each other's first loves, but were forced to separate due to painful family circumstances. Soo-wan, who had been blind, eventually undergoes an eye transplant surgery that restores her sight.",7.3114,2014-04-05,False,Angel Eyes,6.704,27,"Drama, Unknown"
False,18,196268,['KR'],ko,안나,The story of a woman who ends up living a completely different life due to a petty lie.,6.95,2022-06-24,False,Anna,7.305,64,Drama
False,"80, 9648, 18",243248,['KR'],ko,사마귀: 살인자의 외출,"Cha Su-yeol, a police officer who has long despised his mother, the notorious 'Mantis' serial killer, must reluctantly turn to her for help when a copycat killer emerges.",6.3132,2025-09-05,False,Queen Mantis,7.138,29,"Crime, Mystery, Drama"
False,18,196474,['KR'],ko,너의 시간 속으로,"A grieving woman magically travels through time to 1998, where she meets a man with an uncanny resemblance to her late love.",7.9313,2023-09-08,False,A Time Called You,8.3,215,Drama
False,"35, 18, 10765",37636,['KR'],ko,시크릿 가든,"A wealthy young man and a poor stunt woman fall for each other, but when their souls swap they soon learn how different their two worlds are.",6.1622,2010-11-13,False,Secret Garden,7.493,143,"Comedy, Drama, Sci-Fi & Fantasy"
False,18,57486,['KR'],ko,두 여자의 방,No overview available,6.9945,2013-08-05,False,The Women's Room,3.0,1,Drama
False,18,132925,['KR'],ko,옷소매 붉은 끝동,"Based on a novel of the same name, it tells the record of a royal court romance between the King of Joseon who believes his duty is to his country first above love, and a court lady who wants to protect the life she has chosen.",7.5937,2021-11-12,False,The Red Sleeve,7.547,64,Drama
False,"18, 9648, 80",135200,['KR'],ko,Crime Puzzle,"""Crime Puzzle"" is a story where a criminal psychologist is sent to prison for murdering a political candidate, and the criminal profiler who loses her father to the murder is conducting interviews with the murderer for a case that occurs within the prison. These two used to be lovers just a year ago, until they meet again as a murderer and a criminal profiler, and face the unexpected truth to a series of murders. The thriller focuses on the process of them putting the pieces together, like a puzzle. Adapted from the webtoon ""Crime Puzzle"" (크라임 퍼즐) by Meen.",5.3991,2021-10-29,False,Crime Puzzle,5.222,9,"Drama, Mystery, Crime"
False,"18, 10751",110138,['KR'],ko,TV소설 그래도 푸르른 날에,A drama depicting coming-of-age story of a woman during the turbulent time in the seventies.,8.961,2015-03-02,False,TV Novel: In Still Green Days,0.0,0,"Drama, Family"
False,"18, 10765",279246,['KR'],ko,재혼 황후,"When Navier, the flawless Empress, is blindsided by her husband's shocking demand for a divorce to marry his mistress, she refuses to back down. Instead, she unleashes her own power play, forging an alliance with a mysterious prince from the Western Kingdom. As she navigates a treacherous web of politics and romance, Navier will stop at nothing to reclaim her throne and outdo her ex-husband at every turn.",6.603,2026-11-04,False,The Remarried Empress,0.0,0,"Drama, Sci-Fi & Fantasy"
False,"18, 10751, 10749",61706,['KR'],ko,장미빛 연인들,"A family drama about a college student couple who unintentionally becomes parents and realize the true meaning of love and life. Jang Mi is an immature mama’s girl who grew without experiencing any hardship in life. Unlike her parents’ will to marry her off to a promising man they choose for her, Jang Mi has the hope to marry someone she falls madly in love with. As she dates healthy and innocent engineering student Cha Dol, she slowly begins to realize the meaning of love.",4.5873,2014-10-18,False,Rosy Lovers,5.5,6,"Drama, Family, Unknown"
False,18,38852,['KR'],ko,동이,"Set during the reign of King Sukjong in the Joseon dynasty, the story focuses on Dong Yi, a water maid who gains the trust of Queen Inhyeon and later the favour of the king when he is moved by her prayers for the health of the Queen during the court disputes caused by Jang Hee Bin. Dong Yi becomes a concubine with the rank of sook-bin and bears a son who will later become the 21st king of Joseon, Yeongjo.",6.715,2010-03-22,False,Jewel in the Crown,7.728,46,Drama
False,"35, 18, 10751",70194,['KR'],ko,아버지가 이상해,"Mi Yeong, Hye Yeong, Ra Yeong, and Joon Yeong are the kids of Yeong Sil and Han Soo. They seem like the average Seoul family, with the typical Seoul problems, but that all changes when Jung Hui, an actor, and former K-Pop idol, ends up in their doorstep claiming that Han Soo is his biological father. The family goes through thick and thin, one marriage after the other, trying to figure out why their father happens to be strange.",6.519,2017-03-04,False,My Father is Strange,7.5,14,"Comedy, Drama, Family"
False,18,203698,['KR'],ko,대행사,"A self-made executive navigates the cutthroat world of advertising, stopping at nothing — no matter how calculating — to become the head of her agency.",6.0263,2023-01-07,False,Agency,6.706,34,Drama
False,"18, 10751",197552,['KR'],ko,다 잘될 거야,A drama about people who face hate and conflict while learning to forgive and understand the meaning of love and happiness.,4.4613,2015-08-31,False,All is Well,3.0,1,"Drama, Family"
False,"35, 80, 18",62411,['KR'],ko,식샤를 합시다,"What do a group of foodies and a murder have in common? Lee Soo Kyung is a 33-year-old divorcee who is a composed, confident woman who is happy to be living alone after marrying way too early in life. But the only thing that can make her lose her cool composure is great food. Living next door is another foodie, Goo Dae Young, a single man who loves surrounding himself with gourmet food but hates being asked if he is dining alone at great restaurants. When a strange murder occurs in their neighborhood, how will their lives be intertwined?",5.3065,2013-11-28,False,Let's Eat,8.1,16,"Comedy, Crime, Drama"
False,18,70755,['KR'],ko,설중매,"The third episode of 500 Years of Joseon Dynasty deals with the period of history spanning from the reign of King Munjong, the first son of Sejong, to the chaos of Yeonsangun's rule.",4.148,1984-01-09,False,The Ume Tree in the Midst of the Snow,0.0,0,Drama
False,"10765, 35, 18",301886,['KR'],ko,은애하는 도적님아,"A noblewoman who becomes a righteous bandit called Gil Dong, and Joseon Prince Yi Yeol who secretly investigates this bandit, only to find their souls mysteriously swapped, forcing them to work together and fall in love amidst intrigue, as they uncover conspiracies while protecting the people!",5.7426,2026-01-03,False,To My Beloved Thief,8.342,19,"Sci-Fi & Fantasy, Comedy, Drama"
False,"9648, 18, 80",119772,['KR'],ko,악마판사,"The court system is corrupted and old-fashioned. People desire a new system that can satisfy the crowds. However, are the crowds always correct? The drama shows how judges discover the truth about people in court. It centers around a chief judge who doesn’t believe in justice, but only makes judgements that the crowds will be satisfied with. An assistant judge starts to question his motives and tries to find the truth.",6.4089,2021-07-03,False,The Devil Judge,8.411,73,"Mystery, Drama, Crime"
False,18,227189,['KR'],ko,화인가 스캔들,"Oh Wan-soo, who married into the powerful Hwain Group, faces death threats. She crosses paths with Seo Do-yoon, a bodyguard investigating a friend's death that is tied to the Hwain Group. Together, they unravel Hwain Group's secrets tainted with desire.",6.8329,2024-07-03,False,Red Swan,7.269,39,Drama
False,"18, 10759",31505,['KR'],ko,아이리스,"Two friends, members of the South Korean military, are recruited by a secret black ops agency.",5.7847,2009-10-14,False,Iris,7.351,47,"Drama, Action & Adventure"
False,"80, 18",196906,['KR'],ko,닥터로이어,"The heartwarming story of a genius surgeon who becomes a lawyer specializing in medical crimes after losing a patient to a surgical malpractice. Cathartic and suspenseful, this medical and legal drama paints the courtroom like an operating room, where a life may end or be given a fresh start.",7.3676,2022-06-03,False,Doctor Lawyer,7.3,55,"Crime, Drama"
False,"18, 35",137094,['KR'],ko,연애대전,"For an attorney who despises losing to men and an A-list actor who distrusts women, love means nothing — until they're forced to date each other.",6.1569,2023-02-10,False,Love to Hate You,8.171,126,"Drama, Comedy"
False,"18, 10751, 10749, 35",39068,['KR'],ko,너는 내 운명,"Jang Sae-byuk is a cheerful and grateful orphan who always tries her best. She dreams of one day becoming an interior designer, despite her lack of education and money. Because of an accident that happened before the story starts (about three years ago), she loses her sight and undergoes corneal transplant surgery. Different events unravel when she encounters the Kim family, who has lost a daughter in a horrible car crash, unbeknownst to everyone besides the father and older brother. The stories then intertwine when Sae-byuk meets the Kim's extended family and the son of a big interior design company, Lohas, in Korea.",7.1284,2008-05-05,False,You are My Destiny,5.5,2,"Drama, Family, Unknown, Comedy"
False,"80, 10759, 9648, 18",63500,['KR'],ko,미세스 캅,"After long and grueling hours immersed in brutal crime investigations, lead detective Choi Young Jin must face the particular horrors of singlehandedly raising her daughter Ha Eun. Any way you look at it, Young Jin's got her work cut out for her, but it's only a matter of time before her professional and personal worlds collide in new and disastrous ways.",5.1707,2015-08-03,False,Mrs. Cop,6.4,9,"Crime, Action & Adventure, Mystery, Drama"
False,"35, 18",46553,['KR'],ko,응답하라 1997,"As a teen, Shi Won was obsessed with a boy band. Now 33 years old, Shi Won and her friends are reviving their memories as their school reunion nears.",6.3329,2012-07-24,False,Reply 1997,8.0,74,"Comedy, Drama"
False,"35, 18, 10765",273307,['KR'],ko,사장님의 식단표,"The R-rated web novel author, Nam Ja-yeon finds herself magically swapped with the female protagonist of her own novel! An unpredictable romance fantasy unfolds between the forever-alone author and the male lead of her romance novel, Kang Ha-jun.",6.0572,2024-10-03,False,Spice Up Our Love,6.981,52,"Comedy, Drama, Sci-Fi & Fantasy"
False,"10759, 18, 10765",246748,['KR'],ko,폭군,"A secret project in Korea is exposed to the US so the project gets scrapped and the sample is to be handed over when a delivery accident occurs. Director Choe tries to hide the sample as Paul searches, but they end up at the same place as Jagyeong and Lim Sang. Who will seize the sample in the end?",7.2886,2024-08-14,False,The Tyrant,7.203,64,"Action & Adventure, Drama, Sci-Fi & Fantasy"
False,"10765, 35, 18",278331,['KR'],ko,남주의 첫날밤을 가져버렸다,"Reincarnated as a minor character in a novel, Cha Seon-taek unexpectedly spends a night with Prince Kyungsung, sparking an intense and unexpected romance.",6.4992,2025-06-11,False,The First Night with the Duke,8.042,36,"Sci-Fi & Fantasy, Comedy, Drama"
False,"35, 10759, 9648, 18",61670,['KR'],ko,힐러,"A star reporter, a second-rate journalist and a man by the code name ""Healer"" are brought together by a long-buried incident that hides dark truths.",8.1008,2014-12-08,False,Healer,8.309,325,"Comedy, Action & Adventure, Mystery, Drama"
False,"9648, 18",196526,['KR'],ko,트롤리,A sudden tragedy brings the wife of an assemblyman out of her private life and forces her to confront family secrets and her own troubling past.,7.0714,2022-12-19,False,Trolley,5.0,25,"Mystery, Drama"
False,18,214422,['KR'],ko,진짜가 나타났다!,A successful lecturer facing single motherhood devises a fake romance with a marriage-averse doctor — but keeping up the act proves harder than it seems.,6.2629,2023-03-25,False,The Real Has Come!,7.2,20,Drama
False,18,89604,['KR'],ko,봄밤,"When Lee Jeong-in and Yu Ji-ho meet, something unexpected happens. Or it just may be that spring is in the air -- and anything is possible.",6.3395,2019-05-22,False,One Spring Night,8.006,81,Drama
False,"18, 35, 10765, 9648",210107,['KR'],ko,힙하게,A psychic vet and a detective join forces to crack small-town cases — but their skills are tested when they unravel a chilling serial killer mystery,6.2694,2023-08-12,False,Behind Your Touch,8.13,104,"Drama, Comedy, Sci-Fi & Fantasy, Mystery"
False,18,18493,['KR'],ko,아내의 유혹,"One night Goo Eun Jae got drunk and Jung Gyo Bin took this opportunity to take advantage of her. Eun Jae and Gyo Bin got married but their marriage is not a very blissful marriage. Eun Jae's best friend, Shin Ae Ri, openly flirts with Gyo Bin in front of Eun Jae. Gyo Bin decided that he did not want to remain married to Eun Jae and tried to kill her. Eun Jae was presumed to have drown and died. Gyo Bin thought he was successful in killing Eun Jae and moved on with Ae Ri. Months later, Eun Jae is back for revenge but she assumes the identity of another woman, Min So Hee, who had killed herself. How will Gyo Bin react to a girl who looks exactly like his presumed dead wife, Eun Jae? Will he be tempted by So Hee?",8.0441,2008-11-03,False,Temptation of Wife,5.333,9,Drama
False,"18, 9648",230777,['KR'],ko,트렁크,"A secret marriage service is uncovered when a trunk washes up on the shore, revealing the strange marriage between a couple in the thick of it all.",6.7876,2024-11-29,False,The Trunk,7.0,62,"Drama, Mystery"
False,"35, 18",155222,['KR'],ko,오늘의 웹툰,"After a career-ending injury, a judo star struggles to find her place in a webtoon editorial department, discovering new dreams and challenges along the way.",6.1231,2022-07-29,False,Today's Webtoon,6.5,28,"Comedy, Drama"
False,"10765, 10759, 18",274875,['KR'],ko,트웰브,"A group of heroes, each embodying one of the 12 zodiac signs, battles to defend the Korean Peninsula from malevolent spirits.",6.5526,2025-08-23,False,Twelve,7.157,51,"Sci-Fi & Fantasy, Action & Adventure, Drama"
False,"18, 80, 9648",135654,['KR'],ko,어게인 마이 라이프,"Kim Hee Woo came from an inauspicious start as a low-grade high schooler to work his way up through university and finally pass the bar examination. His relentless hard work has finally paid dividends, and he has become a public prosecutor. During the course of his investigations, he must conduct a probe into a politician suspected of corruption. But his investigation is abruptly ended when a mysterious man kills him.

However, he later comes to, finding that he is actually alive. Restored to the mortal realm, he finds that he must return to university and complete his academic journey again – while he tries to discover the truth about what happened to him.",5.8442,2022-04-08,False,Again My Life,8.0,44,"Drama, Crime, Mystery"
False,18,67483,['KR'],ko,불어라 미풍아,"The romance between a bright woman, Mi-Poong, who defected from North Korea and a man, Jang-Go, in Seoul who is a stickler for the rules. Conflicts also arise over a 100 billion won inheritance.",5.2753,2016-08-27,False,Windy Mi Poong,6.1,9,Drama
False,"35, 18",67014,['KR'],ko,청춘시대,"With different personalities, life goals and taste in men, five female college students become housemates in a shared residence called Belle Epoque.",6.3242,2016-07-22,False,"Hello, My Twenties!",7.232,138,"Comedy, Drama"
