,adult,backdrop_path,genre_ids,id,origin_country,original_language,original_name,overview,popularity,poster_path,first_air_date,softcore,name,vote_average,vote_count
0,False,/3bHz9dYSZ5XDxY0zDaBpYgUOhE2.jpg,"[80, 18, 9648]",290193,['KR'],ko,들쥐,"A reclusive writer wakes to find his identity stolen — and must ally with a ruthless loan shark to reclaim his life from a man known as ""The Rat.""",111.4685,/2mwgHfOyrFrmvozjFoEXHRdfGhv.jpg,2026-08-28,False,Mousetrap,7.9,20
1,False,/mp2AFsWsuyxCzenJh3DTKw7z4jG.jpg,"[18, 35]",291496,['KR'],ko,이런 엿같은 사랑,An ambitious prosecutor loses her memory and moves in with a boxing coach who claims to be her boyfriend. Can this sticky situation turn into real love?,63.7755,/tSZ4aFpTGc8Oj52SuzPUUZ7WKL0.jpg,2026-08-07,False,Our Sticky Love,8.673,78
2,False,/6HBi1vfb70PfeTx78BKv2md42mm.jpg,"[18, 35]",18495,['KR'],ko,논스톱,"Nonstop is a South Korean slice-of-life sitcom that broadcast its first season in 2000 on MBC. It continued with 5 more seasons. The series was popular for its cast of teen idols, many who debuted through the show..",59.6797,/elXJzhz1dM0lO7fK2BfO2pVtC7l.jpg,2000-05-15,False,Nonstop,5.333,6
3,False,/vyG93jhmPL7tBIhRtCLa5mdBKob.jpg,"[10759, 18, 35]",276161,['KR'],ko,참교육,An inspector from the Educational Rights Protection Bureau (ERPB) who is authorized by the government to use physical intervention and unconventional methods to discipline delinquent students and reform the educational system.,56.6841,/fMECSPrTmRClSViMsXFYmiYIcWP.jpg,2026-06-05,False,Teach You a Lesson,9.412,854
4,False,/fYL4I6cezb06BHhQlrNjNhy7jhf.jpg,[18],305644,['KR'],ko,포핸즈,"When two young pianists from completely different worlds meet at an elite music high school, the melodies of their lives become intimately intertwined.",51.7464,/a7p6htiJKx68USDAcilJ5rzKAWB.jpg,2026-08-29,False,"Four Hands, Two Sonatas",9.5,6
5,False,/cLTAda6fMRirkCY1xfO4pmcHVkk.jpg,"[10759, 18]",200709,['KR'],ko,약한영웅,"With the aid of unexpected friends, a gifted but introverted student confronts bullies and violent foes — unaware of how dangerous his world will become.",47.318,/5Sd01WeraL2oA3Vv6O4rcRxockn.jpg,2022-11-18,False,Weak Hero,8.691,519
6,False,/ppG2MqOXVg7cDFgdJpKeS3OjZPr.jpg,"[18, 35]",134465,['KR'],ko,크레이지 러브,"No Go Jin is the most popular mathematics instructor in the private education field and the CEO of GOTOP Education. Even though he has only a high school level education, he has achieved all of his success due to his extreme intelligence. He seems like a perfect man with a handsome appearance, high IQ, and wealth. He is also narcissistic. One day, he is suddenly warned that he will be murdered.

Lee Shin A works as No Go Jin’s secretary. She is a diligent and responsible employee. Due to her quiet and introverted personality, she has little presence with her boss No Go Jin and her colleagues at work. Her colleagues begin to recognize her, because she has worked for the notorious No Go Jin for more than 1 year. She then learns that she does not have much time left to live.",45.8016,/wQmABWWAGsifRGn2nltTJRLEF3Y.jpg,2022-03-07,False,Crazy Love,7.7,81
7,False,/2meX1nMdScFOoV4370rqHWKmXhY.jpg,"[10759, 9648, 18]",93405,['KR'],ko,오징어 게임,"Hundreds of cash-strapped players accept a strange invitation to compete in children's games. Inside, a tempting prize awaits — with deadly high stakes.",43.6147,/1QdXdRYfktUSONkl1oD5gc6Be0s.jpg,2021-09-17,False,Squid Game,7.855,17702
8,False,/mWVeYmtCfA3zvSeZtW5bN2Khe01.jpg,"[18, 10759, 9648]",215072,['KR'],ko,킬러들의 쇼핑몰,A niece who lost her parents and grew up in the hands of an uncle who runs a shopping mall faces a new truth after her uncle's sudden death.,40.6065,/7yUY1HUyQuybbvkAAhLzQ7x1l9g.jpg,2024-01-17,False,A Shop for Killers,8.469,229
9,False,/p9tpGftvG18M5y5wsBmPrQpVBsd.jpg,"[35, 10765, 18]",298610,['KR'],ko,오싹한 연애,"When a ghost-seeing heir and an ace prosecutor learn that a single touch makes them a strangely effective duo, they team up to crack unsolved murders.",38.044,/acVOH8Pr5LEZ7WKZCbzwNuHVr9x.jpg,2026-07-18,False,Spooky in Love,8.681,72
10,False,/g1LJLlmWP74zv9yXKEXm7g9p10O.jpg,"[10759, 80, 18]",296206,['KR'],ko,김부장,"When an unassuming dad's daughter goes missing, he dusts off his old black-ops skills to track her down — only to attract the wrong kind of attention.",37.7793,/mxa7YxVln3Rwnd2Va82PoclTznj.jpg,2026-06-26,False,Agent Kim Reactivated,8.469,160
11,False,/zhsEnDNCQX5dlI2wbKzV90pV0B9.jpg,"[18, 10759, 80]",127529,['KR'],ko,사냥개들,"Faced with ruthless foes with a violent thirst, two young boxers band together — risking life and limb to bring justice and protect their loved ones.",37.0419,/uSQzD7TXsL96J5ggDrJFdUs8uXU.jpg,2023-06-09,False,Bloodhounds,8.505,791
12,False,/uc1p1PEbEMpdIHqnU9TESNC6Jhp.jpg,[18],275102,['KR'],ko,스캔들,"In Joseon, a secret proposal ignites hidden desires in a gifted noblewoman, a famed lover and an unsuspecting lady caught in their dangerous game.",33.0672,/4TU0PcHBIl0wPW5B6aVRGExOnHE.jpg,2026-09-18,False,The Scandal,0.0,0
13,False,/i1SyUHsi45psSH1xy9sM0in8FKJ.jpg,"[10759, 80, 18]",119769,['KR'],ko,모범택시,A former special forces soldier delivers revenge for victims of injustice while working for a secret organization that fronts as a taxi company.,32.1676,/lghfb8beej1aH9ML8QyeSixniom.jpg,2021-04-09,False,Taxi Driver,8.178,213
14,False,/eBD46F44qKGPZiRLffO4q3JF8Hc.jpg,"[35, 18]",296140,['KR'],ko,최애의 사원,"A dedicated fangirl lands a job at a fashion company, only to discover it was co-founded by her ultimate idol. Determined to remain professional, she hides her identity, but is quickly thrown off course by the company's workaholic CEO. As secret unrequited feelings and hidden personal struggles entangle the trio, she finds herself torn between her lifelong obsession and an unexpected new connection.",31.6846,/A4Y4xlDHS4xi2WI9265vRyIYLoo.jpg,2026-08-03,False,"My Bias, My Boss",7.8,6
15,False,/gmNtsz7MJ3IQoCFt8ymGNDfipfm.jpg,[18],83893,['KR'],ko,KBS 드라마 스페셜,"Forget the existing one-act dramas! Short but impactive! KBS Drama Special presents high quality single episode dramas. Dramas are the broadcast content with the widest public appeal. KBS Drama Special will produce short dramas of far-reaching impact involving at times a serious social message, unique emotions or perspectives. It will stay abreast of modern viewership.",30.8403,/9nRwFvAs5toFtkLEzffqu39Fw7m.jpg,2010-05-15,False,KBS Drama Special,7.4,5
16,False,/a9qlroMOHewiDsUR93PYMVfpbF5.jpg,[18],219246,['KR'],ko,폭싹 속았수다,"In Jeju, a spirited girl and a steadfast boy's island story blossoms into a lifelong tale of setbacks and triumphs — proving love endures across time.",29.9796,/1VC3sEFxYXYDqQUCAnvWfUsYg1s.jpg,2025-03-07,False,When Life Gives You Tangerines,8.8,578
17,False,/22xRAaDSNIwOqFhFDXWp5IMnQPT.jpg,"[18, 10759, 9648, 80]",294095,['KR'],ko,유부녀 킬러,"A seemingly ordinary working mother secretly lives as a legendary sniper who delivers justice where the law fails. After returning from a three-year hiatus, she must balance protecting her family with eliminating dangerous criminals, all while a determined journalist and a relentless detective close in on her hidden identity.",29.556,/e9ziA4Y6md4Ytr62r5y9vRdv4ll.jpg,2026-07-31,False,A Bona Fide Killer,6.5,5
18,False,/cmk8d1e1GxrwTaau0Tj4zm1osm0.jpg,[18],68398,['KR'],ko,낭만닥터 김사부,"An eccentric, triple board-certified virtuoso surgeon leaves a top job in Seoul and ends up at a provincial hospital, where he mentors young doctors.",28.0109,/9fbRJgZ2zDTnSUId1bOwsllHNr7.jpg,2016-11-07,False,Dr. Romantic,8.103,131
19,False,/smSbK5cd8T9XHcxEUcems23BDEF.jpg,"[18, 10765, 35]",67915,['KR'],ko,쓸쓸하고 찬란하神-도깨비,"In his quest for a bride to break his immortal curse, a 939-year-old guardian of souls meets a grim reaper and a sprightly student with a tragic past.",26.4621,/sPkxHNw5BFvuCFGWw825TS7n6X3.jpg,2016-12-02,False,Guardian: The Lonely and Great God,8.617,3121
20,False,/nOGPxfYqd0f3oeFGGinpDOP68MQ.jpg,"[18, 80, 9648, 10759]",220074,['KR'],ko,재벌X형사,A chaebol cop joins forces with a gritty detective to take down criminals with a touch of wealth and a whole lot of wit.,26.1727,/2eWH2RDxpbIfEs17BpJTQhcOqRs.jpg,2024-01-26,False,Flex X Cop,7.8,47
21,False,/l3qDk8o59jgLfO5HBAJKpCwMAld.jpg,"[80, 10765, 18]",282810,['KR'],ko,판사 이한영,"The return of corrupt judge Lee Han-young, who was a slave to a large law firm, to the past 10 years ago. He makes new choices to punish evil and implement justice.",25.9646,/xWYVlBIWrpdiGnSRfLgZIxf2V11.jpg,2026-01-02,False,The Judge Returns,8.1,23
22,False,/8hp2CuGnw1iP5dLBVMAPUv23swx.jpg,"[10759, 18, 10765]",99966,['KR'],ko,지금 우리 학교는,A high school becomes ground zero for a zombie virus outbreak. Trapped students must fight their way out — or turn into one of the rabid infected.,25.6565,/pTEFqAjLd5YTsMD6NSUxV6Dq7A6.jpg,2022-01-28,False,All of Us Are Dead,8.283,4459
23,False,/3E1GroTJCRdIYHa5n62GqjmqxQR.jpg,"[35, 18]",112888,['KR'],ko,여신강림,"After being bullied and discriminated because of her ugly looks, a high school girl transforms herself into a gorgeous ""goddess"" and quickly rises to fame after mastering the art of makeup via online tutorial videos.",25.488,/I9WCyKUbKAiu95tAitaHOx8EVO.jpg,2020-12-09,False,True Beauty,8.3,2710
24,False,/nBZyWSGAUEzCH7Mna0zUNTpBQlQ.jpg,"[18, 10765, 10759, 9648]",135157,['KR'],ko,환혼,"A powerful sorceress in a blind woman's body encounters a man from a prestigious family, who wants her help to change his destiny.",24.8239,/gvOZN1NlAoL8iz9ghpES1zWA3w3.jpg,2022-06-18,False,Alchemy of Souls,8.6,815
25,False,/5AhL7NKa8UC6QOyzKiDohUM9VYT.jpg,"[18, 35]",301412,['KR'],ko,그대에게 드림,"Two high school classmates bond over a shared love of filmmaking, turning a deep friendship into first love before an unexpected separation tears them apart. Years later, they reunite with their lives completely transformed—she’s lost her passion, while he’s become a celebrated director. Determined to reignite her dreams, he must first confront the hurt he left behind.",23.1975,/cBiwrUwUNNYXTc5xrDEQWcMqftd.jpg,2026-07-13,False,Dream to You,9.273,11
26,False,/mHp8UKRPwZNjBmt9rncemEzIa6O.jpg,"[80, 10751, 18]",303076,['KR'],ko,첫 번째 남자,A drama depicting a life-threatening confrontation between a woman who takes another person's life for revenge and a woman who takes another person's life for her own desires.,23.1391,/x1JcqitlKZfrirHjM9s32ZrQwtC.jpg,2025-12-15,False,The First Man,3.8,2
27,False,/810mXC0xkxXVtoKIPGGVgO9PuLh.jpg,"[10759, 35, 10765, 18]",259837,['KR'],ko,원더풀스,"A goofy group of townies stumbles into superpowers and fights rising evil as doomsday panic grows in this wild, turn-of-the-century action comedy.",22.1259,/jj7AYkz2OLRDL1wfJmjTXyWQ5I4.jpg,2026-05-15,False,The WONDERfools,8.9,255
28,False,/jNyK0FF7t7oaU4wMpRkEnEIOVlW.jpg,"[18, 9648, 10759]",113268,['KR'],ko,경이로운 소문,"A group of supernatural demon hunters known as ""Counters,"" each with unique abilities, disguise themselves as employees of a noodle restaurant, while tracking down evil spirits that terrorize the mortal world.",21.9095,/tKU34QiJUfVipcuhAs5S3TdCpAF.jpg,2020-11-28,False,The Uncanny Counter,8.3,454
29,False,/ji7KaBHhxb6ngHEHxXHcfEzi9bu.jpg,"[18, 35]",96102,['KR'],ko,슬기로운 의사생활,"Every day is extraordinary for five doctors and their patients inside a hospital, where birth, death and everything in between coexist.",21.7335,/8MSjQkH2FrG0t4l84L5HmiSFrS7.jpg,2020-03-12,False,Hospital Playlist,8.579,177
30,False,/AjwoDj77HLlqcpwEGqsnvMXm5my.jpg,[18],136283,['KR'],ko,더 글로리,"Years after surviving horrific abuse in high school, a woman puts an elaborate revenge scheme in motion to make the perpetrators pay for their crimes.",21.4803,/uUM4LVlPgIrww07OoEKrGWlS1Ej.jpg,2022-12-30,False,The Glory,8.468,949
31,False,/6ekykPwvAywJRjFEnUoCFWTO9O3.jpg,"[35, 18]",278573,['KR'],ko,21세기 대군부인,"In 21st-century Korea under a constitutional monarchy, a chaebol heiress with everything but status tries to take control of her future after crossing paths with a lonely prince with nothing but his title. Together, bound by a contract marriage, they begin a class-defying romance to rewrite destiny.",21.4383,/ocXkHSslrSWMz2ZJGl5MjF6dQr3.jpg,2026-04-10,False,Perfect Crown,9.114,201
32,False,,[18],134864,['KR'],ko,MBC 베스트극장,,20.4012,/u93t32JtNJlyQu3UNQS2GI9kCA6.jpg,1991-07-07,False,MBC Bests Theater,7.0,1
33,False,/3yEHM2HT2vrUtO93YzTJNgEfiZG.jpg,"[18, 35]",94796,['KR'],ko,사랑의 불시착,"A paragliding mishap drops a South Korean heiress in North Korea -- and into the life of an army officer, who decides he will help her hide.",20.1085,/fgBNLPr6mC8pxuR79ENAJY4nBmj.jpg,2019-12-14,False,Crash Landing on You,8.536,966
34,False,/29jWaRhKtey1efp5G7Fu97NAmzz.jpg,"[9648, 18, 10759]",126485,['KR'],ko,무빙,"Children who live in hiding with superpowers, along with their parents who live with painful secrets of the past, face enormous dangers together.",18.8169,/vf9SNXNAFqzKBGksFwrXhkg9cb7.jpg,2023-08-09,False,Moving,8.5,306
35,False,/blNanzce8lKnrfjDqWLdPNPy7mo.jpg,"[18, 35]",241454,['KR'],ko,엄마친구아들,A woman attempting to reboot her life returns to Korea and becomes entangled with her childhood friend — with whom she shares a complicated history.,18.5891,/hikbLeofw2epfaEJptSkQ6b22IV.jpg,2024-08-17,False,Love Next Door,7.9,287
36,False,/1ucAo7E2fzTdwORGbMhLEUoPhfa.jpg,"[10759, 35, 18]",233347,['KR'],ko,스터디그룹,"A struggling student at Korea's worst high school forms a study group while protecting his classmates with his fighting skills, hoping to overcome academic challenges and secure a spot in college.",18.5502,/nZDeIfKCzp0qhu4N3HxrcKWN59J.jpg,2025-01-23,False,Study Group,8.601,159
37,False,/463KX5md13Db6pIMCCnIZqtPWFK.jpg,"[80, 35, 18]",301418,['KR'],ko,지금 불륜이 문제가 아닙니다,"A successful entrepreneur with a seemingly perfect life sees everything fall apart after discovering her husband covering up a murder allegedly committed by their daughter. As the family scrambles to hide the truth, an anonymous blackmailer claims to have recorded everything, pulling them into a dangerous web of lies, secrets, and betrayal.",18.3702,/xuOpHGP7ZRLHh6IJilxp6ocu7tb.jpg,2026-07-31,False,The Affair Was Just The Beginning,9.6,5
38,False,/39owosjolYd3gKufgM9jMdSSk9t.jpg,[18],197067,['KR'],ko,이상한 변호사 우영우,"With a genius-level IQ, Woo Young-woo learns to embrace her extraordinary self while forming a tight-knit community of friends and allies.",18.2103,/zuNOQVI4rEaqwknrfQUVKtlKE2C.jpg,2022-06-29,False,Extraordinary Attorney Woo,8.487,980
39,False,/5IvFyqglPR501Bvk4NX60mzlVKM.jpg,"[35, 18, 10768]",66256,['KR'],ko,구르미 그린 달빛,"A young Joseon woman who's lived her whole life as a man ends up as a eunuch in the royal palace, where she begins to bond with the crown prince.",18.1964,/137UF33ilpoznUzDVKcJ3mcdRbN.jpg,2016-08-22,False,Love in the Moonlight,6.977,108
40,False,/ztLZyHlC892o7lp5jIf4Y1hRnRO.jpg,"[9648, 18, 80]",155226,['KR'],ko,빅마우스,"A lawyer with a ten-percent winning rate is caught up in a murder case and becomes the notorious and genius con artist, Big Mouse, overnight. In order to survive and protect his family, he tries to reveal the true colors of the privileged people involved in a huge conspiracy.",17.8738,/gJDvYUJcPEDJzB3SnQokifPUtRF.jpg,2022-07-29,False,Big Mouth,8.337,361
41,False,/dNwVnRWE4LRLJ9f3WIWOnIURPwn.jpg,"[18, 10765, 80, 9648]",235577,['KR'],ko,지옥에서 온 판사,"A cruel and vicious judge, who wields power only for herself, meets a warm and cheerful detective who puts the victims first.",17.4502,/9vhLHbUiiP9HiXfJw5OUC7KoaJG.jpg,2024-09-21,False,The Judge from Hell,8.599,191
42,False,/7Sv8d6uC73UhP6qTq3CnPcbD7qX.jpg,"[35, 18]",222767,['KR'],ko,Long Time No Sex,"Woo Jin and Samuel, a sexless married couple, are utterly fed up with their lives. To improve their circumstances, they choose to earn money by blackmailing unfaithful couples. As they track down these couples, they find financial stability and rediscover their own connection. They start working on their own issues, but the more they delve into it, the hidden truth resurfaces, complicating their journey. What is the truth that they have been avoiding?",16.8524,/mxn7Fmt0lqOUuXEUxZs8yOca8Oh.jpg,2024-01-19,False,Long Time No Sex,7.5,31
43,False,/lUseDQFZoge6GR1F6dGtaARiF7M.jpg,"[18, 9648]",99489,['KR'],ko,펜트하우스,"A woman puts everything on the line to achieve her goal of being able to move into a luxury penthouse in the Gangnam District. In the process, she gradually finds herself turning into a monster.",16.5739,/wybv1VgIOMhcHdU3ooikn2LuR1o.jpg,2020-10-26,False,The Penthouse,8.3,258
44,False,/4NffLgfKgSyosvA2qGZxJh7aa1v.jpg,[18],201859,['KR'],ko,수업중입니다,"In a college class where students are paired up and sent on dates, a sophomore is partnered with an upperclassman whose gentle kindness steals his heart.",16.5592,/yoUP5L763UM7iM7CHTzXAuQNXHh.jpg,2022-05-13,False,Love Class,7.1,28
45,False,/efaMS00Fevc3fw2dbeP7rh22O6D.jpg,"[10765, 18]",212204,['KR'],ko,반짝이는 워터멜론,"A CODA (child of deaf adult) student born with a gift for music crash lands at an unfamiliar place after time traveling through a suspicious music shop. There, he forms the band Watermelon Sugar with other mysterious youths.",16.1751,/bwTzW1wTgUxUOQruhT8DvinUYgR.jpg,2023-09-25,False,Twinkling Watermelon,8.8,168
46,False,/sf7NCqyVUNoyjYuwW5oJke1T1lH.jpg,"[10759, 35, 18, 80]",117376,['KR'],ko,빈센조,"During a visit to his motherland, a Korean-Italian Mafia lawyer gives an unrivaled conglomerate a taste of its own medicine  with a side of justice.",16.1478,/qbkSS1cTjT4DzIwD44bdhTuYgdT.jpg,2021-02-20,False,Vincenzo,8.5,1098
47,False,/stJcZWrpfT2DjY0K261Q2FpxUkS.jpg,"[18, 35, 80]",300727,['KR'],ko,아파트,"Desperate for cash, a former gang boss teams up with an aspiring lawyer to steal an apartment complex's reserve fund — only to uncover deep corruption.",16.1205,/qFxbrHvNq5tn9SCBq3aKPgaGfyO.jpg,2026-07-11,False,The Apartment Job,8.581,31
48,False,/feISh3qoREwIPWbSaLqqumbmh7m.jpg,"[9648, 80, 18]",322055,['KR'],ko,검사실의 제안,"A victim’s son and a killer’s son reunite as a prosecutor and investigator, fighting systemic corruption while becoming each other's salvation.",16.1014,/lK6DrnFecG0AsA8O5UqEYOrOArd.jpg,2026-06-25,False,The Prosecutor's Proposal,6.56,25
49,False,/oBJ6dZ6A1tY1O94RmWnJkkQVbLz.jpg,"[9648, 18]",286360,['KR'],ko,맨 끝줄 소년,"A literature professor discovers a student's talent and offers him writing lessons — but as he sinks into the story, their sessions spiral into chaos.",15.8089,/paRFCxAJRZOypfgnzYLo6KH5jjO.jpg,2026-06-26,False,Notes from the Last Row,7.9,47
50,False,/bnEDaINpzWGBsE8IjA3TsU4FWeJ.jpg,[18],211261,['KR'],ko,소방서 옆 경찰서,A police station and a fire station adjoining each other cooperate in combating crime and fire in the most brutal and tragic cases.,15.2174,/ccEYx9NoZvDJRw8Ji2E7yJYLXwt.jpg,2022-11-12,False,The First Responders,8.033,45
51,False,/rHiz6GHA2bUPEtTDZvhbTmzlNm6.jpg,"[18, 35]",198004,['KR'],ko,킹더랜드,"Amid a tense inheritance fight, a charming heir clashes with his hardworking employee who's known for her irresistible smile — which he cannot stand.",15.188,/tW8BMRCYSe6nySvZ749pzc31x2m.jpg,2023-06-17,False,King the Land,8.209,637
52,False,/pRStZQlU0aB6KaVNBKnyEAygDBw.jpg,"[18, 35]",218539,['KR'],ko,마이데몬,"A pitiless demon becomes powerless after getting entangled with an icy heiress, who may hold the key to his lost abilities — and his heart.",15.0065,/xBnscv5BrJREKVSvh0le61y4KDk.jpg,2023-11-24,False,My Demon,8.459,682
53,False,/qHCXeAM13OYvcmjXeOhtvXfc8uo.jpg,"[18, 10765, 35]",221851,['KR'],ko,내 남편과 결혼해줘,"Kang Ji-won, a terminally ill cancer patient, is killed by her husband and best friend after she witnesses them having an affair. She wakes up 10 years before the incident and decides to seek revenge with the help of Yu Ji-hyuk, a director at the company where she works. Now, she must reclaim her fate and eliminate the trash from her life.",15.0024,/899KcBqooj8nEyPcAEU3h7AdfUo.jpg,2024-01-01,False,Marry My Husband,8.492,711
54,False,/zftF4KDGuhAGIA50bywcCXPjz5f.jpg,"[35, 18]",289763,['KR'],ko,내일도 출근!,"Cha Ji-yoon is a 7th-year corporate worker who's tired of both work and dating. She crosses paths with Kang Si-woo, the cynical boss with a terrifying reputation. Unexpectedly, she regains spark in her life as she gets to know the kindness behind his stern words. Amid repeated commutes, accidents at work, and failed relationships, the two become each other's irreplaceable anchor.",14.9523,/gTP1MKGz5kIrXCpb3HTgzVyIW6l.jpg,2026-06-22,False,See You at Work Tomorrow!,8.943,70
55,False,/ngP3rIU1KY7ek0r6hSJFnVsrh9g.jpg,"[80, 18]",239385,['KR'],ko,조각도시,"Taejoong's life is torn apart when he's framed for a heinous crime and imprisoned. Discovering it was all orchestrated by someone on the outside, he embarks on a rage-fueled quest for revenge.",14.8917,/nOj4nsomFyAVJgpp68L0xq3cREc.jpg,2025-11-05,False,The Manipulated,8.3,140
56,False,/3rS3hmIjYfzqPye1nWyTgrwfDnC.jpg,"[10765, 18]",70649,['KR'],ko,당신이 잠든 사이에,"Nam Hong Ju, endowed with the ability to foresee events, resides with her widowed mother who runs a small restaurant. Despite her gift, she often finds herself powerless to change the outcomes. On the other side of the street, Jung Jae Chan, a rookie prosecutor, and his younger brother Seung Won become their new neighbors. An unusual dream involving Hong Ju, ruthless attorney Lee Yu Beom, and a life-saving intervention leads Jae Chan to realize their destinies are intertwined, as they begin sharing dreams and connecting in mysterious ways.",14.8575,/wFp7pVJbB5aD5y0A0AEBP4vmzCg.jpg,2017-09-27,False,While You Were Sleeping,8.4,157
57,False,/wcP3FsRLog4GNEs9PFrDKKQdcof.jpg,"[18, 35]",215720,['KR'],ko,눈물의 여왕,The queen of department stores and the prince of supermarkets weather a marital crisis—until love miraculously begins to bloom again.,14.8196,/7ZXLZ3KYL3IVvsSHBZaHjcNQzNU.jpg,2024-03-09,False,Queen of Tears,8.4,509
58,False,/90rFYGJlJaw8VO76MSl6iSzn7eF.jpg,"[18, 10751]",64034,['KR'],ko,엄마,"Yoon Jung Ae raised her 4 kids by herself. Now, her kid already grown up but none of them really care about her.",14.7391,/zDpwZjeXvKPoueuPmizWt1KL6Yq.jpg,2015-09-05,False,Mom,4.0,1
59,False,/lq0YqJuffMuZhoKTiC5xDqvtCSn.jpg,"[35, 18]",154825,['KR'],ko,사내맞선,"In disguise as her friend, Ha-ri shows up to a blind date to scare him away. But plans go awry when he turns out to be her CEO — and makes a proposal.",14.6881,/iLh7L8ZuvgdxFaM9sImyv2iKYLe.jpg,2022-02-28,False,Business Proposal,8.473,791
60,False,/6Ohfk6UG6BstEQbwqJ0JHSjHl3O.jpg,"[10759, 18]",233219,['KR'],ko,ONE: 하이스쿨 히어로즈,"A former model student, pushed by domestic abuse and bullying, joins a group that stands up to school violence and defends its victims.",14.4944,/uWK4QcYrLGITRNDvhLelm66j4Er.jpg,2025-05-30,False,ONE: High School Heroes,8.057,70
61,False,/asVatKAwDD1N5cx3v3GZkzdeVh0.jpg,"[35, 18]",48462,['KR'],ko,상속자들,"After a chance encounter in LA, two teens from different social backgrounds reunite at an exclusive high school attended by Korea's über rich.",14.2965,/n4RX9QVXjHbMB31TDWqqRLjshgu.jpg,2013-10-09,False,The Heirs,7.755,678
62,False,/kTf8vPcZVONrBHB35hEg1lG2Bk.jpg,"[18, 10759, 80]",110534,['KR'],ko,D.P.,A young private's assignment to capture army deserters reveals the painful reality endured by each enlistee during his compulsory call of duty.,14.2586,/akvPsqe1u1NpIQ8Ln2Vt06uhOv9.jpg,2021-08-27,False,D.P.,8.005,276
63,False,/zV9WYOfFr4MAnzXXD8PR5J6JnN3.jpg,"[9648, 18]",285838,['KR'],ko,기리고,"A mysterious app promises wishes — then starts a countdown to death. As a group of teens becomes entangled, they must break the deadly chain to survive.",14.1948,/2CfTNVaR8kZQkWtWWE3Cntaiq33.jpg,2026-04-24,False,If Wishes Could Kill,8.124,182
64,False,/jRhJlV4inm8wAAqTeHUX5HpjZcc.jpg,"[18, 9648]",70593,['KR'],ko,킹덤,"In this zombie thriller set in Korea's medieval Joseon dynasty which has been defeated by corruption and famine, a mysterious rumor of the king’s death spreads, as does a strange plague that renders the infected immune to death and hungry for flesh. The crown prince, fallen victim to a conspiracy, sets out on a journey to unveil the evil scheme and save his people.",14.1426,/AsICtiVtz4icMQQRwDvOzfaTzjK.jpg,2019-01-25,False,Kingdom,8.2,1263
65,False,/vYI0LTxZLpxh5D8tVHzbclV6lXg.jpg,[18],321293,['KR'],ko,과녁 너머의 너,"Archery champion Lee Junhyung reunites with his first love, Ahn Siwoo — the one who had no choice but to leave him six years ago, for his sake. Torn between love and hatred, Junhyung keeps Siwoo close, tormenting him as a way to settle old wounds. But the moment he learns the painful truth Siwoo had carried alone all those years, he is consumed by deep regret and guilt. In the end, the two run back toward each other once more — and pick up the thread of a bond they thought was severed forever.",14.0663,/4rrf1K9wHcCQXcj28go54IUAsUg.jpg,2026-08-27,False,Eyes on You,9.0,1
66,False,/p1ntnKJwn1URGv1xpU6NN33Y11O.jpg,"[18, 35, 10765]",303143,['KR'],ko,멋진 신세계,A Joseon-era villain doomed to die opens her eyes in modern-day Seoul — where a ruthless chaebol heir may be her last chance to rewrite her fate.,14.0177,/rYLQbyIvbEd0lF84iXrx7CbPcBB.jpg,2026-05-08,False,My Royal Nemesis,8.9,98
67,False,/4ODaZrnKT7iM6sfgDB8ud8FdrVr.jpg,"[18, 10759]",65143,['KR'],ko,태양의 후예,"After a chance meeting in a hospital, an ardent soldier falls for a gifted surgeon. Opposing philosophies tear them apart, but fate has other plans.",13.9346,/xxGomfml0x9iyPBS4StBjbRRu65.jpg,2016-02-24,False,Descendants of the Sun,8.317,830
68,False,/8PHBAdPyfIwS5W6cfKLhItEb875.jpg,"[9648, 10759, 10765, 18]",279323,['KR'],ko,동궁,A man who walks the spirit world and a court lady who hears the dead enter the East Palace by the king's orders — can they unravel its dark secrets?,13.9325,/yfYohBszGqoAW8oM0qydOtJ4kPh.jpg,2026-07-17,False,The East Palace,8.239,88
69,False,/n4b77DELGGqhmGY1choKrRfpR19.jpg,"[80, 18]",246473,['KR'],ko,메이드 인 코리아,"In 1970s South Korea, follow two men on opposite sides of power — one driven by ambition, the other by justice. As their worlds collide, greed, loyalty, and survival intertwine in a battle that will shape a nation.",13.7873,/3QHGHTHK3iWyokMgaw7SrpTKwX9.jpg,2025-12-24,False,Made in Korea,8.1,28
70,False,/brugu6L6cGP7I0G1EH7id46brj2.jpg,"[80, 35, 18]",259710,['KR'],ko,컨피던스 맨 KR,"Three con artists with different backgrounds, team up for a daring and adventurous scheme of revenge against the villains of this era.",13.5154,/wUCmw1B6MBRiN6TUSbssKHuJnV0.jpg,2025-09-06,False,Confidence Queen,7.641,40
71,False,/rwvpB0kuOCBCEtCs344sjkeVnJp.jpg,"[80, 10759, 18]",210704,['KR'],ko,최악의 악,"Set in the 1980s, a husband and wife, both detectives, infiltrate a massive criminal organization responsible for the illegal drug trade between Korea, China, and Japan.",13.4851,/uZJGMFgE1Q9xpncVAu1G3Vce4nP.jpg,2023-09-27,False,The Worst of Evil,8.403,88
72,False,/nFrIKLtWiHiEApHEa1tvM2eDbbh.jpg,"[35, 18]",16420,['KR'],ko,꽃보다 남자,"A poor high school student earns a scholarship to an elite academy, where she clashes with the most popular boy in school!",13.2679,/7nqNwwCoMB3IdMU9VKSPTg5SrfL.jpg,2009-01-05,False,Boys Over Flowers,8.27,1849
73,False,/qvNH9kj8CFupCbCMcMgZ1sL0HKl.jpg,"[10751, 18]",128309,['KR'],ko,빨강 구두,"The series revolves around Kim Jem Ma, a daughter who has strong desire to take revenge from her heartless mother, who left her father and sick brother in search of love and desire for her success.",13.1916,/4ikWisAoUMfNNIwsv6aM3b6Jvic.jpg,2021-07-05,False,Red Shoes,4.4,5
74,False,/dyBkTBcRIw5BC78zCauyrRm5EhJ.jpg,"[18, 10768]",108291,['KR'],ko,설강화 : snowdrop,"An enduring love story in 1987 Seoul; Young-ro, a female university student, treats the bleeding Soo-ho, a student attending a prestigious university, who one day jumps into a women's university dormitory despite the dangerous situation.",12.9248,/3AhTqNJVr1v7Jfplg8Y1YOzzdWE.jpg,2021-12-18,False,Snowdrop,8.5,319
75,False,/2ds9EWX7cwGfZiRjYqhyw7SbzsW.jpg,"[10765, 35, 18]",228689,['KR'],ko,다 이루어질지니,"After a thousand years, a quirky genie returns to grant wishes to a woman born without feelings. Can his magic bring love and wonder to her world?",12.8415,/opop2u7Jav6lMNL8fSBTzOeFBDz.jpg,2025-10-03,False,"Genie, Make a Wish",7.9,137
76,False,/svnZYhAboLrwHEtkKRm2mIdjocB.jpg,"[18, 35]",229891,['KR'],ko,이 사랑 통역 되나요?,The emotions of a celebrity and her interpreter get lost in translation as they travel the world filming a TV show. Will love find its own language?,12.8004,/zgUh4cgalSzBjbsT5P0qmU7Rjzk.jpg,2026-01-16,False,Can This Love Be Translated?,8.399,158
77,False,/xBFkSHJAco6XCwYZ3YRZc81pn22.jpg,"[18, 10751]",320406,['KR'],ko,가족관계증명서,"Judged as a mistress’s daughter, a young woman fights a stigma she never chose. Meanwhile, another woman’s life stands still after her husband's betrayal. Bound together by the death of the man who tore their lives apart, these two apparent enemies are forced to confront one another under one roof. As families scarred by hatred and heartbreak collide, old wounds resurface. Facing years of prejudice, they set out to reclaim their lives and transform their bitter fate into an unexpected family bond.",12.7614,/1NyZYjWNfFmnXBpkdIg4iKIhHqy.jpg,2026-07-06,False,Family Register,10.0,1
78,False,/2kmVjjuAJqx7SQwMLHgkWCCHVSi.jpg,"[80, 18, 9648, 10759]",99480,['KR'],ko,모범형사,"A drama about the race between people who want to get closer to the truth and those who want to cover it up. Jang Seung Jo will take on the role of Oh Ji Hyuk, an elite detective of nine years who does not share his feelings with others due to pain he experienced when he was young. He is not swayed by money and power, even with the huge wealth he inherited from his uncle.",12.7532,/oj9zTCRn8tfuXTcqa0UbOCO2DZX.jpg,2020-07-06,False,The Good Detective,7.214,42
79,False,/kKlzA0owtx63wxpiYxgzSXrx6yz.jpg,"[35, 18]",79434,['KR'],ko,김비서가 왜 그럴까,"When his secretary unexpectedly quits, an arrogant executive will do anything to bring her back.",12.6211,/w6muIYgrx1XZFombs3N8owfgLwf.jpg,2018-06-06,False,What's Wrong with Secretary Kim,8.318,724
80,False,/jagS23izp1oU48fbKxJFI8KGVv5.jpg,"[10759, 18, 80]",67391,['KR'],ko,더케이투,"A patriotic bodyguard who was abandoned by his country and colleagues, a hidden daughter of leading Presidential candidate who regards love as a tool for revenge, and the First Lady contender who hides her ambition and charisma behind a kind and friendly personality.",12.5819,/oPaN9oWUMsibFfoaXMpv5kG5GsK.jpg,2016-09-23,False,The K2,7.882,221
81,False,/5kMIZHO8OYOC08urACEFFqmFA4p.jpg,"[18, 10765, 10759]",158258,['KR'],ko,방과 후 전쟁활동,"When mysterious alien spheres start invading the world, high school students are called upon to join the world's first war against extraterrestrial forces.",12.54,/vtokuvfqLbfJaSCW6EWhWtrmz2s.jpg,2023-03-31,False,Duty After School,8.151,106
82,False,/6dxB0dFDeBwB3jwhKlLdPEKYFD6.jpg,"[18, 35]",76557,['KR'],ko,으라차차 와이키키,"Kang Dong-Goo dreams of becoming a movie director, but he is cynical due to bad luck. Cheon Joon-Ki wanted to follow in his father's footsteps and become an actor, but he is now just a minor actor. Bong-Doo-Sik came to Seoul to become a scenario writer, but things have not been easy for him.",12.5096,/pggzZamoLNTiRgoYz8WVCISMCqv.jpg,2018-02-05,False,Welcome to Waikiki,7.8,109
83,False,/fWJjsS2Tr2dlpYuw3o7Lifvgkru.jpg,"[10759, 18]",232766,['KR'],ko,광장,"After severing ties with his gang, a former gangster returns to uncover the truth behind his brother's death — embarking on a relentless path of revenge.",12.4804,/AjL335mFBe7LgCqo3w0RNBSbbZU.jpg,2025-06-06,False,Mercy for None,7.865,189
84,False,/i8iujCYtGOG8f6ui90ADs5NxHKb.jpg,"[80, 18]",69087,['KR'],ko,보이스,"It's 3 minutes for hearers, but a life for the callers. A crime thriller chasing even the slightest sounds to rescue people's lives calling for urgent help.",12.4236,/gMgzUEvNljCkNjUDlGaYyLn2zyz.jpg,2017-01-14,False,Voice,7.232,71
85,False,/8l1BN0IIjHmRyW0oDfUfs3F6F4N.jpg,"[80, 35, 10759, 18]",231280,['KR'],ko,굿보이,"Olympic medalists join the police force through a special recruitment program, trading medals for badges as they tackle violent crimes and injustices with their athletic skills.",12.3609,/59MAdHaHepsz3uDCU1LyoNQcLlT.jpg,2025-05-31,False,Good Boy,8.594,192
86,False,/pefCiIoIrWglxwpoqIdnhL0IlGZ.jpg,"[18, 10768]",61148,['KR'],ko,기황후,"A woman born in Korea navigates her way through love, war, politics and national loyalties to become a powerful empress in China's Yuan dynasty.",12.3595,/cH9PMmBkhtVMlCdi8fgvMqekNKi.jpg,2013-10-28,False,Empress Ki,7.269,65
87,False,/xuf7G4srLSFcC7Q8YbX7HHEmXG2.jpg,"[80, 18, 9648]",70626,['KR'],ko,비밀의 숲,"Hwang Shi Mok underwent brain surgery as a child to curb his violent temper, which left him devoid of emotions. Hwang becomes a prosecutor known for his piercing intelligence and logic, but he is ostracized because he lacks empathy and social skills. He is also one of only a handful of upright prosecutors who have refused to take bribes. One day, he encounters a stabbing victim while investigating corruption. He meets Lieutenant Han Yeo Jin at the crime scene. They join forces to root out corruption at the prosecutors’ office and solve a serial murder case.",12.3414,/blbbtx7DyvZ3JTGyc9MCArDL79b.jpg,2017-06-10,False,Stranger,8.26,215
88,False,/epq6I0AwVaHldCrQ6xJ5ZsAyHCF.jpg,"[10765, 18, 35]",90447,['KR'],ko,호텔 델루나,"When he's invited to manage a hotel for dead souls, an elite hotelier gets to know the establishment's ancient owner and her strange world.",12.3386,/8bizZsXoAsOTbhyFKfBogC8mgG2.jpg,2019-07-12,False,Hotel Del Luna,8.516,639
89,False,/ttbmzTZHTzqDK4JniKonMrsQath.jpg,"[18, 10765]",280945,['KR'],ko,폭군의 셰프,"After time traveling to the Joseon era, a talented chef meets a tyrant king. Her modern dishes captivate his palate, but royal challenges await her.",12.3238,/exUXEOierAwZ597010TLQka9TFy.jpg,2025-08-23,False,"Bon Appétit, Your Majesty",8.625,255
90,False,/d5XO4xMMYukfDgcuAe4IBQ7MBmY.jpg,"[10765, 18]",224030,['KR'],ko,조폭인 내가 고등학생이 되었습니다,"A spirit of a middle school dropout gangster who accidentally possesses an 18-year-old boy’s body who killed himself, goes back to high school to take a revenge against the bullies with his gangster skills and encounters unexpected relationship.",12.2869,/bK5kGsWq9vGALbDgPmNiLFNFVI1.jpg,2024-05-29,False,High School Return of a Gangster,8.5,112
91,False,/sjOTFlGapgXFjwV3LmD9eHZEp3d.jpg,"[35, 10765, 18]",281016,['KR'],ko,월간남친,Seo Mi-rae is worn out by work. Love? It's the last thing on her mind. But a virtual dating service sparks feelings — and maybe a real shot at romance.,12.2292,/1WSuH8eK44KDavNggmWhKS5zUCF.jpg,2026-03-06,False,Boyfriend on Demand,8.375,148
92,False,/nZEXidgnZXNUHerBK5hRw4cxtTQ.jpg,"[18, 35]",255086,['KR'],ko,정숙한 세일즈,"In search of purpose, opportunity and independence, four rural women start an adult products business in 1992 — embarking on a journey of self-discovery.",12.1618,/vQfZZT645qUQang5OB56hRZ6Rir.jpg,2024-10-12,False,A Virtuous Business,8.067,52
93,False,/icy4p7Nb33UU2S5eHvlBcE0Dvmi.jpg,"[18, 10765]",218230,['KR'],ko,"이재, 곧 죽습니다","At the brink of going to hell, Yee-jae must cycle through twelve separate lives and twelve separate deaths in this reincarnation drama.",12.1113,/ecM5MY9g2mF6x5SrB2QWOYkcH98.jpg,2023-12-15,False,Death's Game,8.4,666
94,False,/4ZXZi107TbfBJFGT4cnqbavQIoc.jpg,[18],289424,['KR'],ko,모두가 자신의 무가치함과 싸우고 있다,An aspiring director hits rock bottom after 20 years chasing his debut — until he meets an overwhelmed producer who helps him rediscover his self-worth.,12.0591,/c2jswCrMoqDEBEXwSAlrCWtXdfZ.jpg,2026-04-18,False,We Are All Trying Here,8.483,59
95,False,/rtYQCa2NzX8RspbOmwfAla6BemO.jpg,[18],96162,['KR'],ko,이태원 클라쓰,"In a colorful Seoul neighborhood, an ex-con and his friends fight a mighty foe to make their ambitious dreams for their street bar a reality.",12.0477,/qg7q0piY0fTt2enlIRHwKKRwNjS.jpg,2020-01-31,False,Itaewon Class,8.342,412
96,False,/93KsJLWcGwpFtjfzQ3gOa8GB3bP.jpg,"[35, 10759, 18]",68814,['KR'],ko,힘쎈여자 도봉순,"Born with supernatural strength, Bong-soon fights evil and procures justice while getting tangled in a love triangle with her CEO boss and cop crush.",12.0063,/sPdS6oUdXfBNGKROE5RY5s5laqx.jpg,2017-02-24,False,Strong Girl Bong-soon,8.149,326
97,False,/daGuh4UzHFF8sSHrYHMw0mb2qBt.jpg,"[80, 10759, 18]",205082,['KR'],ko,비질란테,"Kim Ji-yong leads a double life as a Korean National Police University student by day and the Vigilante by night, personally punishing criminals who evade the law. He is surrounded by people who all possess different ulterior motives.",11.9375,/lauvBkCZhcZHj5uUwUxwr5GTPps.jpg,2023-11-08,False,Vigilante,8.483,116
98,False,/lmHoZwTkXc3CShClVX09poTifL5.jpg,"[18, 35]",203697,['KR'],ko,연예인 매니저로 살아남기,Agents at a talent management firm tackle strong personalities and office politics while keeping their celebrity clients happy and helping them shine.,11.9309,/eInV2LeBPEQMqsrnmzVM9ClGnDk.jpg,2022-11-07,False,Behind Every Star,7.3,18
99,False,/i7l9C11wZ44e7nUqqlBIxbv3GcN.jpg,"[18, 9648, 10765]",135340,['KR'],ko,해피니스,"A new type of deadly virus spread throughout the city, and the apartment where has different social classes of people is sealed off. With the fear of the virus, and the conflicts of the different classes, the residents have to spend and survive in the new habitation.",11.8209,/tU1naKQs9Q0r5Uw9dy0PPUre0hq.jpg,2021-11-05,False,Happiness,8.085,585
100,False,/xiWu9f9jP2NSmXu2hWzrtafrpQ.jpg,"[35, 18]",285770,['KR'],ko,얄미운 사랑,A hateful romance between a professional detective actor who wants to become a melodrama master and a female reporter who was demoted from a political reporter who won the Reporter of the Year award to the entertainment department.,11.7684,/h14bGZcVxYQzLoxC8KYqUVWvYfU.jpg,2025-11-03,False,Nice to Not Meet You,7.697,33
101,False,/lcTuggU70y6pt6x13Rv1Ffjs93K.jpg,"[10759, 80, 18, 9648]",112836,['KR'],ko,종이의 집: 공동경제구역,"Disguised under the shadows of a mask, a crew of desperados band together under the leadership of a criminal mastermind known only as “The Professor” to pull off the biggest heist Korea has ever seen.",11.7478,/mbsRGqJtdKcVbjQxkrfzKCAkYoU.jpg,2022-06-24,False,Money Heist: Korea - Joint Economic Area,7.711,730
102,False,/2avhn5tACIdOp9F5EhNytbChJib.jpg,"[35, 18]",128883,['KR'],ko,갯마을 차차차,"A big-city dentist opens up a practice in a close-knit seaside village, home to a charming jack-of-all-trades who is her polar opposite in every way.",11.6187,/en6lrlJ1DhyvkeZEqrk3R6EJz1p.jpg,2021-08-28,False,Hometown Cha-Cha-Cha,8.2,658
103,False,/znjlxs8K9OAOChA2K4I0qluhith.jpg,"[18, 9648, 80]",79070,['KR'],ko,검법남녀,"Baek Beom has worked as a forensic doctor for 10 years. He has a bad personality, but he is excellent with his work. Baek Beom does not open his mind to other people. Eun Sol is a rookie prosecutor with a warm heart. She has a bright personality and she comes from wealth family background. The forensic doctor and prosecutor work together to solve cases.",11.6158,/lPU34PKrjJNISguneRdAB7zQfTj.jpg,2018-05-14,False,Partners for Justice,7.182,44
104,False,/w5ICY18bp2i8vvXeHYL2jkuSvoD.jpg,"[18, 9648]",229915,['KR'],ko,밤이 되었습니다,"Trapped in a deadly cursed Mafia game, the students of Yoo-il High must play the game to survive while unraveling the mysteries behind the curse.",11.5795,/ah8TT3algh20oiQUWUgxbqX35bn.jpg,2023-12-04,False,Night Has Come,7.873,122
105,False,/7X0gLf54GzrCLb4rAdt4pC6Cla.jpg,"[18, 10765]",279246,['KR'],ko,재혼 황후,"When Navier, the flawless Empress, is blindsided by her husband's shocking demand for a divorce to marry his mistress, she refuses to back down. Instead, she unleashes her own power play, forging an alliance with a mysterious prince from the Western Kingdom. As she navigates a treacherous web of politics and romance, Navier will stop at nothing to reclaim her throne and outdo her ex-husband at every turn.",11.4703,/lJphe6C8V0OL3jhp4QSv2sS2lkB.jpg,2026-11-04,False,The Remarried Empress,0.0,0
106,False,/x0eIZv8bJYjfTu7VkTOxHU8B91c.jpg,"[80, 18, 9648]",110356,['KR'],ko,마이 네임,"Following her father's murder, a revenge-driven woman puts her trust in a powerful crime boss — and enters the police force under his direction.",11.4695,/gHozOomiA24DvlgNfjkYCB5NBiO.jpg,2021-10-15,False,My Name,8.206,1085
107,False,/i3bMeXOGyT57owjlMPCuLiijhq5.jpg,"[18, 80]",256226,['KR'],ko,친애하는 X,"Behind a beautiful face hides a cruel nature—Baek Ah-jin, who sees through and manipulates others' hearts. After stepping on the sacrifices of many to reach the top, everything begins to change the moment she arrives there. A woman wearing a mask to escape hell and climb to the highest place. And the story of the Xs being brutally crushed by her.",11.4678,/AbFg7Ve5BYLPxtEXW9dn4pHPLdx.jpg,2025-11-06,False,Dear X,8.6,116
108,False,/zs803kZR1rT5niAakQokxtp3Uqv.jpg,"[18, 35, 10765]",108261,['KR'],ko,철인왕후,"A modern chef suddenly becomes trapped inside the body of a queen from the Joseon era, which causes chaos for everyone involved.",11.4605,/ozuyMnOO5pekDklyPpUL1Htkuzy.jpg,2020-12-12,False,Mr. Queen,8.505,508
109,False,/6BdGjKqud1rFcEa7p2zGfc29z5H.jpg,"[18, 9648, 10759]",92983,['KR'],ko,배가본드,"Stuntman Cha Dal-geon gets involved in a tragic airplane crash and ends up discovering a national corruption scandal in the process. Go Hae-ri, the oldest daughter of a deceased marine, decides to work for the National Intelligence Service as a secret ops agent in order to support her mom and younger siblings, although all she wanted to do is to become a civil servant.",11.4582,/8Sud9wqG7WZMXesZhPZ4lergRvp.jpg,2019-09-20,False,Vagabond,8.281,518
110,False,/3rP5OCR8nCUlC960GGkYxV0RPp5.jpg,"[18, 80, 9648]",99494,['KR'],ko,악의 꽃,"Hiding a twisted past, a man maintains his facade as the perfect husband to his detective wife — until she begins investigating a series of murders.",11.4042,/ozPDfBmsrJDFF9ZhwQNxcGLXvzm.jpg,2020-07-29,False,Flower of Evil,8.259,601
111,False,/4bIELFjQ8sHCwJrnYfq2hlGYSkm.jpg,"[10751, 18]",310326,['KR'],ko,사랑이 온다,"Some sacrificed love for the sake of family. Others walked away from their families to protect the ones they loved. And some, believing they were acting out of love, only left deeper wounds behind. Years of misunderstanding and conflict have driven them apart, but an unexpected bond and reunion bring them face-to-face once again. As lost love, tangled family ties, and the true feelings they have long kept hidden begin to surface, even the coldest hearts slowly begin to heal. Through love, forgiveness, and the courage to understand one another, they discover what it truly means to be a family. Can the scattered pieces of a family finally find their way back to one warm table?",11.395,/6M34aDRWttbjApzgWqYr43xpJzA.jpg,2026-07-25,False,Love on the Menu,7.0,1
112,False,/xI4sbzJPNorYgTkfYs4ycMombVc.jpg,"[35, 80, 9648, 18]",239006,['KR'],ko,트리거,"In modern-day Seoul, a crack team of investigative journalists fight for their careers after broadcasting a controversial story. With time running out, the team are given an impossible task if they want to save their jobs – solve a twenty-year-old cold case involving a famous actor who disappeared without a trace.",11.3626,/piSUZXvzOw7GxwrtRuTmimW8YJE.jpg,2025-01-15,False,Unmasked,8.0,24
113,False,/peVe0NQNdZMXwtTohnv8iwJQb2d.jpg,"[10765, 9648, 10759, 18]",135238,['KR'],ko,경성크리처,"Gyeongseong, 1945. In Seoul's grim era under colonial rule, an entrepreneur and a sleuth fight for survival and face a monster born out of human greed.",11.3564,/5wliFAD8Pjjj0YYSmupqjOldnWt.jpg,2023-12-22,False,Gyeongseong Creature,7.95,330
114,False,/vbkpl0ps4s5tMTUnC7SFXNzWmVr.jpg,"[18, 10765, 35, 9648]",230923,['KR'],ko,선재 업고 튀어,"Right after Ryu Sun-jae, a top star, ends his life, Im Sol, his top fan, somehow ends up at a time when they were in high school and tries to protect him. A fantasy romance unfolds where people who missed each other in time finally meet.",11.3542,/adcdNzLJ8LOjWJjNFrapXGzFco3.jpg,2024-04-08,False,Lovely Runner,8.6,296
115,False,/6gyJwBbgFD0MYap1AFWQKOkve6D.jpg,"[35, 18, 10765, 80]",203164,['KR'],ko,힘쎈여자 강남순,"Gifted with superhuman strength, a young woman returns to Korea to find her birth family — only to be entangled in a drug case that could test her power.",11.3221,/rjkHORZvB5bnz7kH1PufFCKsX4I.jpg,2023-10-07,False,Strong Girl Nam-soon,7.7,154
116,False,/26hCPlTtSqxnW6HMSzvir9umFCW.jpg,"[18, 10751]",237565,['KR'],ko,조립식 가족,A youth romance about two men and woman who aren't blood related but treated each other as family during their teens and how they meet again after 10 years.,11.2931,/drQh6tu7OupGBtE5zqVJB1AAGoa.jpg,2024-10-09,False,Family by Choice,8.043,94
117,False,/bhCUn6Z509qTV4eBJZtjtQ4ennL.jpg,[18],205319,['KR'],ko,정신병동에도 아침이 와요,"A kind-hearted nurse working in psychiatry goes above and beyond to be a ray of light for those under her care, despite the challenges coming her way.",11.2773,/d9hIiomaPXu6W9qATzPSqHgxze8.jpg,2023-11-03,False,Daily Dose of Sunshine,8.2,138
118,False,/jPTwLNzWGvJzbxjVbpqGaF5kB1k.jpg,"[18, 35]",219651,['KR'],ko,웰컴투 삼달리,"After suffering a fall from grace, a photographer returns to her hometown and bumps into her childhood friend — rekindling an unfinished romance.",11.2268,/98IvA2i0PsTY8CThoHByCKOEAjz.jpg,2023-12-02,False,Welcome to Samdal-ri,8.2,142
119,False,/z1MKvQJVVMbt1svoV3zjh6cRUTv.jpg,"[9648, 18]",259288,['KR'],ko,선의의 경쟁,A high-teen mystery thriller about a close relationship between teenage girls in a harsher survival competition than entrance examinations.,11.0676,/qBQl7x6qSqeuYdgq7rkctm1L4gW.jpg,2025-02-10,False,Friendly Rivalry,8.7,121
120,False,/jIYZlXQp6Reffiuk5cSyPwrN501.jpg,[18],57486,['KR'],ko,두 여자의 방,,11.0435,/qCQWpjiwtURsV4DGOQrjUtHw0Yp.jpg,2013-08-05,False,The Women's Room,3.0,1
121,False,/d8O1bLwn7eoqv0acBwxmkxEkhqe.jpg,"[18, 35]",314784,['KR'],ko,로맨스의 절댓값,"High schooler Yeo Eui-ju secretly writes web novels by night. When four charming new teachers arrive, they inspire her stories and shake up her school.",11.0363,/wY4rhPE90jJ4bp1JZOFY0MeRJQX.jpg,2026-04-17,False,Absolute Value of Romance,8.826,46
122,False,/yBmqsAFjJJtdHkptwlCy0WMsfKA.jpg,"[18, 10765, 10768]",66433,['KR'],ko,달의 연인 - 보보경심 려,A story of a 25-year-old Go Hajin who is transported back in time to the Goryeo Dynasty. She then wakes up in the body of Lady Hae Soo and finds herself amongst the ruling princes of the Wang Family.,11.0255,/sTW7wLyD95JRCyUEdTfxCWQWsvd.jpg,2016-08-29,False,Scarlet Heart: Ryeo,8.508,597
123,False,/zbzldNycqQy1O9gP5vwJf9HECwk.jpg,"[18, 9648]",208336,['KR'],ko,3인칭 복수,"A boy falls to his death at school, but Ok Chan-mi does not believe that her twin brother, Park Won-seok, committed suicide. Chan-mi transfers to her brother's school, Yongtan High, and meets Ji Soo-heon, who witnessed her brother's death. A ""hero,"" who avenges bullied students, appears at Yongtan High. Chan-mi speculates that it may be connected to her brother and starts looking for this hero.",10.9631,/ccej6D8J81DDJWqhP7OG6PA6xcl.jpg,2022-11-09,False,Revenge of Others,8.3,309
124,False,/4TJG9k0u1WZfs9iwhLpHshnryaR.jpg,"[35, 18]",128995,['KR'],ko,유미의 세포들,"Yumi is a 30-year old, ordinary woman who struggles with expressing her feelings. Told from the perspective of the many brain cells in her head, she experiences growth in both her love life, her career, and finds happiness in the small joys of everyday life.",10.9455,/wb0ysW1H4bjceY551Dh4VW2jOzF.jpg,2021-09-17,False,Yumi's Cells,8.0,74
125,False,/nRxbtO6OchyepUL2Zr4dpMZsdsX.jpg,"[35, 18]",280948,['KR'],ko,스프링 피버,"After moving to a quiet rural town to heal from past heartbreak, a withdrawn teacher slowly rediscovers warmth and joy through her unexpected connection with a rough-around-the-edges but kindhearted local man.",10.9445,/50e9qtv8rKmcayAQSgB9P9XELpQ.jpg,2026-01-05,False,Spring Fever,8.1,73
126,False,/6q52MB16qAXVqr3EkPcsHAXUAdg.jpg,"[18, 35]",229480,['KR'],ko,손해 보기 싫어서,"Son Hae-yeong seeks out a fake wedding with her neighbourhood convenience store employee, Kim Ji-uk, to avoid missing out on a promotion.",10.9329,/ru3ZYJpzbmv2VpGsj1rmO5Hcpky.jpg,2024-08-26,False,No Gain No Love,8.5,292
127,False,/AndNIZzaDAcLlk11KjZy2TZS07Y.jpg,"[35, 18, 10765]",67018,['KR'],ko,푸른 바다의 전설,"A mermaid from the Joseon period ends up in present-day Seoul, where she crosses paths with a swindler who may have ties to someone from her past.",10.8796,/cHrhnci45nyoqctI33lgB0iX9Zy.jpg,2016-11-16,False,The Legend of the Blue Sea,7.439,220
128,False,/4IzdfRrxgbvtnE0ZBNEjlcFcxgc.jpg,"[18, 35]",96462,['KR'],ko,사이코지만 괜찮아,"Desperate to escape from his emotional baggage and the heavy responsibility he’s had all his life, a psychiatric ward worker begins to heal with help from the unexpected – a woman who writes fairy tales but doesn’t believe in them.",10.8423,/8XSJfLeImX8NszDUFnK1lbseCi8.jpg,2020-06-20,False,It's Okay to Not Be Okay,8.503,1515
129,False,/58XBnfKhP569SuZuXks3fNYpLBm.jpg,"[18, 35]",217553,['KR'],ko,중증외상센터,"To create a top-tier trauma center, a war-seasoned doctor arrives — bringing his blunt but skilled ways to transform his team into life-saving mavericks.",10.7482,/y8h2RwUZM5chv9tuaKVwSPoo3KE.jpg,2025-01-24,False,The Trauma Code: Heroes on Call,8.5,173
130,False,/j9OpU8wamgFVmXmLCLofXlnf8g7.jpg,"[18, 10759, 80]",112486,['KR'],ko,카지노,"Cha Moosik runs a casino bar, only to flee to the Philippines due to a crackdown by the National Tax Service. He launches a full-fledged casino business, and strategizes winning over the political and business circles in the Philippines. However, he is suddenly framed as a suspect in Min Seokjun's death, and is tracked by Oh Seunghoon of the Korean Desk. Betrayal is rampant in the presence of money.",10.6984,/9GEGH8kT7XK8iUXl76cWsCt8e46.jpg,2022-12-21,False,Big Bet,5.805,41
131,False,/4r7scgI5aUrShN0YzriAatWd15e.jpg,[18],129478,['KR'],ko,연모,"When the crown prince is killed, his twin sister assumes the throne while trying to keep her identity and affection for her first love a royal secret.",10.6792,/2Qim2grFzfNJ4h3QSTzxi8CsKdG.jpg,2021-10-11,False,The King's Affection,8.09,300
132,False,/ayOqM9CJxqB3ChvR6pNSYqe02Sn.jpg,"[35, 18]",60957,['KR'],ko,별에서 온 그대,"An alien who came to Earth 400 years ago is almost able to return to his own planet, but when he meets a famous actress, he doesn't want to go home.",10.6721,/o5EYVYCVtDUdajP4rWfv6q0BTmm.jpg,2013-12-18,False,My Love from the Star,8.295,825
133,False,/2Yr8QxputyVoWPSTbXCUkP3aalm.jpg,[18],129888,['KR'],ko,스물다섯 스물하나,"In a time when dreams seem out of reach, a teen fencer pursues big ambitions and meets a hardworking young man who seeks to rebuild his life.",10.6597,/yCQFnmYhYf7XALMka2EoBRAFmPO.jpg,2022-02-12,False,Twenty Five Twenty One,8.5,352
134,False,/dWSR0GpWsgnLZCEe6bGZZIzw8YP.jpg,"[18, 80, 9648]",310800,['KR'],ko,세이렌,"Ace insurance investigator Cha Woo-seok hunts a fraud ring tied to mysterious deaths and becomes dangerously entangled with Han Seol-ah, a flawless art auctioneer whose lovers all seem to die. As attraction and suspicion blur, he must uncover whether she’s a killer or a victim, before the truth costs him his life.",10.5544,/8r8YU97YfSf6QtMKfePmTqhFTeQ.jpg,2026-03-02,False,Siren's Kiss,7.2,41
135,False,/zumJNuQP60nMgfZyyJbRuGlIFXI.jpg,[18],83941,['KR'],ko,남자친구,"Following a chance encounter overseas, a woman with much to lose and a man with little to his name meet again as employer and employee.",10.5153,/6jACbQPR1GZq1wZ93uS9wOMYmKs.jpg,2018-11-28,False,Encounter,7.81,79
136,False,/lmr79Dvaa5efF5rtDqUbLWCUfa8.jpg,"[18, 35]",243761,['KR'],ko,굿파트너,"Cha Eun-kyung, a 17-year veteran divorce lawyer, faces a personal crisis when her own marriage is threatened while working alongside rookie lawyer Han Yu-ri, whose differing values lead to tension as they navigate their complex cases at Law Firm Daejung.",10.513,/5I9RHQXYhEF0bLP5Waal6iQfnWq.jpg,2024-07-12,False,Good Partner,7.9,16
137,False,/1aBYcDp9CVbwU4h6mOYkkUgMPEl.jpg,[18],194797,['KR'],ko,이두나!,A college student navigates life and school while dealing with a unique predicament — he's living with a beautiful former K-pop sensation.,10.4825,/bQhiOkU3lCu5pwCqPdNVG5GBLlj.jpg,2023-10-20,False,Doona!,7.692,224
138,False,/6b5AgwBJ9RQKzXh0B7kG0wWq5P9.jpg,"[35, 18]",216310,['KR'],ko,무인도의 디바,"Fifteen years after being stranded on a remote island, an aspiring singer reenters society — stopping at nothing to pursue her dream of becoming a diva.",10.4528,/oYOxdgfPogMoXPizBjKcZx7f9k2.jpg,2023-10-28,False,Castaway Diva,7.969,80
139,False,/gQwa6X2nmTHkmDgAifU4wacNqp4.jpg,[18],75820,['KR'],ko,미스터 션샤인,"Set in the early 1900s, this drama tells the story of a young man from Korea who grows up in the United States. When he returns to Korea as a US Marine Corps officer, he meets and falls in love with a noblewoman who is fighting for Korean independence. Their romance is complicated by social class and political ideology.",10.4523,/p7ljjykSsiyWstGVAwIkbdfPzRV.jpg,2018-07-07,False,Mr. Sunshine,8.4,197
140,False,/olRPEYjyjzoMAODjOMjF2K1VlzO.jpg,"[10765, 10759, 35, 18]",233742,['KR'],ko,뉴토피아,"Jae-yoon, a late military enlistee, and his girlfriend, Young-joo, break up over the phone over growing misunderstandings. But a zombie outbreak rocks the world. A national emergency is declared, a plane crashes in the city center, and Jae-yoon and his unit get trapped on top of a Seoul skyscraper. Young-joo risks the zombie-filled streets to find him. Can their love survive the apocalypse?",10.4375,/cIC36RA59lg9ruYtPc7UA3f72yy.jpg,2025-02-07,False,Newtopia,8.0,216
141,False,/cOqw2lK1RSsDHZcDscdUL0ioUFB.jpg,[18],33828,['KR'],ko,자이언트,"Giant is a 2010 South Korean television series starring Lee Beom-soo, Park Jin-hee, Joo Sang-wook, Hwang Jung-eum, Park Sang-min, and Jeong Bo-seok. It aired on SBS from May 10 to December 7, 2010 on Mondays and Tuesdays at 21:55 for 60 episodes. Giant is a sprawling period drama about three siblings' quest for revenge during the economic boom of 1970-80s Korea. Tragically separated during childhood, the three reunite as adults and set out to avenge their parents' deaths, their fates playing out against a larger tide of power, money, politics, and the growth of a city.",10.4309,/5ZNwvE1zAphNaxJebEMxf0LpqFR.jpg,2010-05-10,False,Giant,8.1,7
142,False,/oPJQvS8Xyg7chAX0jQoC2smqMxv.jpg,"[10765, 18, 35, 9648]",108284,['KR'],ko,구미호뎐,A TV producer discovers a secret supernatural world as she becomes entangled with a former deity who's spent centuries searching for his lost lover.,10.4104,/v7VEIX1yOcFWY17eUprNhAS9xEp.jpg,2020-10-07,False,Tale of the Nine Tailed,8.362,497
143,False,/qzw3CA3AqrLsBa25XUjLLpkWrAk.jpg,"[35, 80, 18]",71349,['KR'],ko,수상한 파트너,"Noh Ji-Wook is a prosecutor in the Central District Prosecutors’ Office who ends up switching professions to a private attorney. He harbors a trauma stemming from an event in his childhood involving his parents and his first love. Eun Bong-Hee, a Taekwondo athlete in her youth, is a prosecutor trainee who has become a murder suspect. Eun Bong-Hee and Noh Ji-Wook both find themselves being the focus of a killer.",10.4088,/kCxkfGu1QYQx5wZRKlZK41Tif9Q.jpg,2017-05-10,False,Suspicious Partner,7.839,174
144,False,/eNK7aolIJ75W7tNeh5I0An14rtg.jpg,"[35, 18]",80737,['KR'],ko,내 아이디는 강남미인,"Bullied for her looks, Mi-rae gets plastic surgery hoping for a better kind of life but faces new challenges in college. Based on a hit Korean webtoon.",10.3729,/txjHlVSGwSkf6raBjL8rkVOvvbe.jpg,2018-07-27,False,My ID is Gangnam Beauty,7.321,156
145,False,/jpxN1QHRSG660Ql62EHZvZzeaCA.jpg,"[10765, 18, 35]",258025,['KR'],ko,견우와 선녀,"A teenage shaman determined to change fate sets out to save a mysterious boy destined to die. As danger looms, their fated encounter sparks a powerful first love that defies darkness and reclaims hope.",10.3504,/kL42DhVhqjO3NxlB0oNg2Z4TAWP.jpg,2025-06-23,False,Head Over Heels,8.641,117
146,False,/oaJydi1KwWMK04pIPfiqHD8hGfg.jpg,"[80, 35, 18, 9648]",226102,['KR'],ko,크래시,"A drama about Cha Yeon-ho, a reasonable individualist from KAIST, and Min So-hee, a traffic investigation ace with cool judgment and warm sensitivity at the Traffic Crime Investigation (TCI).",10.3439,/uZfEkKi3yn8epQpukKrCtLOv7fc.jpg,2024-05-13,False,Crash,8.611,18
147,False,/7OCAlRz13R9HZIbXTNUfyEAYyvf.jpg,"[18, 35]",93097,['KR'],ko,동백꽃 필 무렵,"Dongbaek is a single mother. When a potential new love enters her life, she finds ways to defy the social stigmas surrounding her.",10.338,/bCrYA7xyHJtPnTWZU60pVBRSFZc.jpg,2019-09-18,False,When the Camellia Blooms,8.132,68
148,False,/xrzle63zw2MduVGmTFeKNXKqUla.jpg,"[35, 18]",297640,['KR'],ko,은밀한 감사,"A romantic comedy about Joo In-ah, a charismatic audit department head with a secret, and Noh Ki-joon, the department's ace who is suddenly demoted to deal with the company's scandals.",10.3252,/5dgTRxtP5g07RSH5LEOl367Fuwi.jpg,2026-04-25,False,Filing for Love,8.048,31
149,False,/A4X2JVnABZeZpMAWcI0eBHvLYAl.jpg,[18],235355,['KR'],ko,언젠가는 슬기로울 전공의생활,"First-year OBGYN residents at Yulje Medical Center navigate the chaos of their work and personal lives, all in their quest to become exceptional doctors.",10.3246,/bB5Tu1Rzq6guKsMhV59aszN9c0a.jpg,2025-04-12,False,Resident Playbook,8.1,65
150,False,/6MBRKVIEvtWMSf7iwt0oivylzPD.jpg,"[18, 10765, 35]",99491,['KR'],ko,쌍갑포차,"At this mysterious late-night food cart run by an equally mysterious woman and her part-timer, customers are provided a space for respite and counseling through their dreams. But most importantly, everyone here is treated equally—living or dead.",10.3039,/ol3UYd3EfHmz5jz777jpAPwGxwp.jpg,2020-05-20,False,Mystic Pop-up Bar,8.006,79
151,False,/vas44Kp1BPca4ou2cBb4orAQ53F.jpg,"[35, 80, 18]",239005,['KR'],ko,강매강,"Songwon Police Violent Crimes Unit 2 has the lowest arrest rate in the country. After their chief is demoted, the team is exiled to a closed daycare center. Enter Yubin, their new leader. Despite the team's initial distrust, Yubin and the team start to bond as they solve cases together.",10.2667,/nYDvkvutYQNKj2lhQTavGzgUE6L.jpg,2024-09-11,False,Seoul Busters,8.545,22
152,False,/2jiEkTXR7oiQNDfdday8AM9J5qF.jpg,"[10759, 18, 80]",238084,['KR'],ko,트리거,"As illegal firearms flood into a gun-free South Korea, a resolute cop and a mysterious partner join forces to stop the chaos from sweeping the nation.",10.2596,/9eDF8Z4iFFCmQROiuej54rSK9LT.jpg,2025-07-25,False,Trigger,8.077,110
153,False,/i7prwa7UwOAUcpTmWnUd75J2PWe.jpg,[18],76662,['KR'],ko,나의 아저씨,"In a world that is less than kind, a young woman and a middle-aged man develop a sense of kinship as they find warmth and comfort in one another.",10.209,/gE9tZDycsA31wvtzUcDWVk6Nf7t.jpg,2018-03-21,False,My Mister,8.6,201
154,False,/9lQZ18CYk5n3YNbOfmSjkiBrfrk.jpg,"[10765, 35, 18]",295509,['KR'],ko,취사병 전설이 되다,A plastic-spoon man is on his way to becoming a legendary army cook—uncovering dark secrets within the base through his cooking skills.,10.1878,/nmYgPJiZebWUtL6D72D0Qp9ce0H.jpg,2026-05-11,False,The Legend of Kitchen Soldier,8.521,24
155,False,/zFDJkMyfKKH38f22ilBoabMPnFw.jpg,[18],223232,"['KR', 'TH']",th,Crush On You,,10.1665,/qHpSMMRL580Oe3g3QSumc1W8fvQ.jpg,2023-03-31,False,Crush On You,7.5,2
156,False,/nxOsQE8UrifZpQ9hcZ7xjMHEbmn.jpg,"[18, 10765]",299365,['KR'],ko,신입사원 강회장,"After a powerful conglomerate chairman is betrayed by his children and wakes up in the body of a young soccer player, he uses his business genius and athletic physique to seek ultimate revenge against his family.",10.1306,/kPHv37XVpyWCsae3gtHujw1wPyW.jpg,2026-05-30,False,Reborn Rookie,8.1,18
157,False,/jJMfTkvU2exHwCFoBHsIqwaHImh.jpg,"[18, 10765, 35]",215001,['KR'],ko,이 연애는 불가항력,A lawyer bound by a centuries-old curse becomes entangled with a civil servant who holds the key to his freedom — igniting an unexpected romance.,10.1272,/e21UFBbQStpqSkU4iyWwVJsb8DZ.jpg,2023-08-23,False,Destined with You,8.1,239
158,False,/2u9M2WTPM6Olqh3JO0tt0OmmJnB.jpg,"[35, 18]",136732,['KR'],ko,별똥별,Frustrations and feelings collide when a dynamic PR executive finds herself working with her irksome nemesis — who happens to be a megastar client.,10.1147,/ghAi885f6298pGW8aCLvl4Xjnc8.jpg,2022-04-22,False,Sh**ting Stars,8.1,106
159,False,/dxLxJVZQQ77S8K52myee4sJskxc.jpg,"[35, 18]",284744,['KR'],ko,프로보노,"When a respected judge's world falls apart overnight, he joins a top law firm's pro bono team — where hope and purpose wait in humble, unexpected places.",10.0694,/8wovOkYH4CBH45jH1zzkyOMDMSb.jpg,2025-12-06,False,Pro Bono,8.237,38
160,False,/876IYhxt8dcCuvhmeV7Pqeo30bm.jpg,"[35, 18]",98827,['KR'],ko,편의점 샛별이,"It tells an unpredictable 24-hour love story of the four-dimensional innocent girl Jung Saet Byeol who was once a troublemaker and the adorkable caring male store manager, Choi Dae Hyun, in the context of a convenience store. They have met each other accidentally 4 years ago, back then Saet Byeol asked Dae Hyun to buy cigarettes for them. Until now, Saet Byeol comes to the convenience store Dae Hyun runs for a part-time job, their hilarious romantic story starts.",10.0566,/jHoNkQhhYFXSAG0RPRnyDdGi0jy.jpg,2020-06-19,False,Backstreet Rookie,7.631,160
161,False,/lTMZILzENFZm9b0Qs6ry4Rg6Z7T.jpg,"[10768, 18]",4734,['KR'],ko,주몽,"Jumong  examines the life of Jumong Taewang, founder of the kingdom of Goguryeo. Few details have been found in the historical record about Jumong, so much of the series is fictionalized.",10.0468,/oJj4tsSLu65tjcCx5yqHECfehD5.jpg,2006-05-15,False,Jumong,7.4,54
162,False,/dL5mViE22ZHnhrUU9wlklzIU4Iy.jpg,"[35, 18]",287011,['KR'],ko,오늘도 매진했습니다,"A work-obsessed cosmetics CEO and a top home-shopping host struggling with insomnia cross paths, and through an unexpected romance, begin to heal the emptiness in their lives.",10.0282,/bcnneY1DWQzmwfvsuhGGnwv9KYD.jpg,2026-04-22,False,Sold Out on You,8.384,82
163,False,/ikN8ABD9pXHuW4JFqTEHr3ae8rd.jpg,"[18, 9648, 10765]",106651,['KR'],ko,지옥,"Unearthly beings deliver bloody condemnations, sending individuals to hell and giving rise to a religious group founded on the idea of divine justice.",10.0187,/5NYdSAnDVIXePrSG2dznHdiibMk.jpg,2021-11-19,False,Hellbound,7.324,1019
164,False,/dMQmCThNrnlNd4bfC8iIce76bpr.jpg,"[80, 35, 18]",86830,['KR'],ko,열혈사제,"People commit variety of ugly crimes these days. However, they forgive themselves by giving testimony every week. They believe that they can repent just by having faith. But the truth is that they have faith to repeat the sins again and again without remorse. These people atone for their evil deeds just to feel comfortable and carefree. It is not about the victims who are suffering because of them. They say every people are equal before the religions. But it is time to discriminate people who only uses them for their interest. Screening if they are really good people, punishing if they deserve to be punished, and defending justice is needed for modern day religion. A priest with this sense of justice teams up with a detective and a prosecutor. They try to solve the mysterious death of an elderly priest and serve justice.",9.998,/5EDJlbB3S1vwOpsR3h1k0NMHiHY.jpg,2019-02-15,False,The Fiery Priest,8.231,65
165,False,/enTNCPGiu3dhul8XTBZEJCLZWbI.jpg,"[10765, 35, 18]",301886,['KR'],ko,은애하는 도적님아,"A noblewoman who becomes a righteous bandit called Gil Dong, and Joseon Prince Yi Yeol who secretly investigates this bandit, only to find their souls mysteriously swapped, forcing them to work together and fall in love amidst intrigue, as they uncover conspiracies while protecting the people!",9.9958,/rovxC2ugTtaMsgo7lOF4R4VBSb9.jpg,2026-01-03,False,To My Beloved Thief,8.342,19
166,False,/dCZ1lUvyItP8z9phfmu871xlFIf.jpg,[18],227192,['KR'],ko,피라미드 게임,"Every last Thursday of the month at an all-girls high school, the students of Class 2–5 cast their votes in a popularity poll. The results classify them into Grades A, B, C, D, and F. If they fall into Grade F, they become legitimate victims of school violence.",9.9632,/pBUERwWNCuO36CPxiVFsoQCPu7W.jpg,2024-02-29,False,Pyramid Game,8.057,150
167,False,/cTFQKu8CLftXHUCIBGksfL8uhf3.jpg,"[18, 35]",281013,['KR'],ko,키스는 괜히 해서!,"A passionate fling in Jeju ends abruptly — until fate reunites an heir and a young woman when she joins his company, disguised as a married mother.",9.935,/qY3ltlWUB7u3ENocrMOkbGCGYnt.jpg,2025-11-12,False,Dynamite Kiss,8.164,116
168,False,/gEcZd3yR5DTT4Yw7XGCNwHPPXcZ.jpg,"[16, 18, 35]",259695,['KR'],ko,셔트라인,"Doing what he can to pay his bills, Moon Shingun works as a rogue mechanic on the city streets. He barely scrapes by with this illegal work, so he does not think twice about convincing ignorant people with cash to burn to always return to him for his services.

The streets are far from safe, however, with the organized crime group known as the Mercifuls fighting their rivals for control. With drugs and death becoming commonplace in his hunting grounds, Shingun is looking to keep his pockets full; and when he overhears a car failing to start, its sound leads him to Jake Gillan, a Mercifuls member. Finding himself facing a man dressed to kill and with a seemingly bottomless wallet, Shingun believes he has hit the jackpot.",9.8893,/y1jlSybgrj8LwQaRurn7VKR2dzW.jpg,2024-07-18,False,Shutline,6.5,3
169,False,/2JMQI9dyR6wzgs8kWDiDK6Npt3j.jpg,"[18, 35]",222233,['KR'],ko,닥터 슬럼프,"Once rivals in school, two brilliant doctors reunite by chance — each facing life’s worst slump and unexpectedly finding solace in each other.",9.8834,/iOWmbZEbhvrYyWm6O4W3oHf2S9B.jpg,2024-01-27,False,Doctor Slump,8.1,149
170,False,/2Lm6n4ojSW4t4rIoiyAF9g9U58e.jpg,[18],78385,['KR'],ko,밥 잘 사주는 예쁜 누나,"Explore the relationship of two people as they go from being “just acquaintances” to “a genuine couple” — Yoon Jin Ah, a coffee shop  supervisor in her 30s, and Seo Joon Hee, a designer at a video game company who has just returned from working abroad.",9.8652,/sTNXMCASbNn7cSzcQ7DVazixnAc.jpg,2018-03-30,False,Something in the Rain,7.8,141
171,False,/gnNFNup48kr8nRWM1fKQ2nTZUrc.jpg,"[35, 18]",74074,['KR'],ko,이번 생은 처음이라,"Two housemates get married for financial convenience, but discover nothing is simple when it comes to demanding in-laws — or facing their growing bond.",9.8475,/5RZRH8Pm9S5xLB2ZXtv3egHkTaF.jpg,2017-10-09,False,Because This Is My First Life,8.207,193
172,False,/2vtI9xzD6qpDzY9m8kV67QY0qfM.jpg,"[18, 9648, 80]",253905,['KR'],ko,지금 거신 전화는,A rising politician and his mute wife's tense marriage begins to unravel after a call from a kidnapper turns their lives upside down.,9.8329,/glWP5Y7CVeqrOjJpLckQjuLFjQJ.jpg,2024-11-22,False,When the Phone Rings,8.3,308
173,False,/lfTUwBiSyCVcvBPAMzSOYGUgr2c.jpg,"[80, 18, 9648]",300954,['KR'],ko,결혼의 완성,"Taeju and Seyun are on the verge of divorce. But when a drunken comment from Taeju gets Seyun kidnapped, everything changes. Even worse, he's now the prime suspect. Forced to go on the run, Taeju must rescue his wife on his own. To save her, he pushes himself to the absolute limit.",9.8279,/z74qJEf1MRsEEIKFgbeyBAHmJXg.jpg,2026-07-04,False,The Husband,8.5,20
174,False,/58cCicQkZDyv6F4hRjw0DU8VS3J.jpg,"[18, 10765]",61006,['KR'],ko,전설의 고향,A series of 8 one-act dramas. It is the continuation of a classic series of ghost stories which aired first on KBS between 1977 and 1989 and later between 1996 and 1999. This marks the return of the series after nine years.,9.8076,/owhA1cRYAAHpQmRtDHs2ipbzKMA.jpg,1977-10-18,False,Korean Ghost Stories,6.9,5
175,False,/v7tP30lhgEs3QwJhkrTRW6eHwXV.jpg,[18],135840,['KR'],ko,우리들의 블루스,Romance is sweet and bitter — and life riddled with ups and downs — in multiple stories about people who live and work on bustling Jeju island.,9.806,/sT5Mlt5UmKiGfBisccwmD4LnPRD.jpg,2022-04-09,False,Our Blues,8.429,85
176,False,/gd6er39HiIfVQIDKhZdMz7FVIw.jpg,"[18, 80]",245079,['KR'],ko,하이퍼나이프,"Seok, an eager yet genius neurosurgeon is reunited with Deokhee, the professor who ruined her life long ago. Once, the two surgeons cared for each other more than anyone else. But now with nothing but hatred toward each other, Seok is furious that he is back in her life and vows to take revenge.",9.7912,/hHkiSxa7O8kPjyyTJ9ue2mqYJVx.jpg,2025-03-19,False,Hyper Knife,7.814,102
177,False,/7LmwKWqnd0sYLQvz0VvjdW5J8sN.jpg,"[35, 18]",230448,['KR'],ko,Mr. 플랑크톤,"A man plagued by misfortune and his ex, the unluckiest bride-to-be, are forced to accompany one another on the final journey of his life.",9.7527,/c31cvdNNiAMvb4XVjAwYLNn3LNO.jpg,2024-11-08,False,Mr. Plankton,8.1,130
178,False,/9DZMO2mhNwVKzfluBUoIdezBTHb.jpg,"[18, 35]",66330,['KR'],ko,W(더블유),"After being pulled into the webtoon world created by her father, a surgical resident gets entangled in a murder mystery involving the story's hero.",9.7318,/rBuCoS0VB9M6zkEUCvnVrfeF0J.jpg,2016-07-20,False,W,8.4,978
179,False,/Kl07j8DsHfAwkODBblg81mjcGc.jpg,"[18, 35]",229958,['KR'],ko,애마,"In 1980s Korea, a movie star and a starlet defy male-dominated industry rules and backstage corruption while filming the provocative ""Madame Aema.""",9.707,/jD8uwm1fvt6y2yxjSO6R9IOFwQQ.jpg,2025-08-22,False,Aema,7.4,21
180,False,/6ohqTb4r9AdW5hRD6r5Aa7W3Ddq.jpg,"[18, 9648]",200707,['KR'],ko,7인의 탈출,"The mysterious disappearance of a girl brings together seven people from all different walks of life. They all have an intertwined connection to her disappearance in the most horrific, unfathomable, and despicable way. As money drives them to their greed, lies, and delirium, they face divine retribution as they struggle for their lives in a picturesque revenge. How far will they go to claim their innocence, and will anyone make it out alive?",9.7034,/gVx3QEJ7ShVXdJJdWIYmTgwplXi.jpg,2023-09-15,False,The Escape of the Seven,7.0,28
181,False,/uLYp6qxGNzDlDtBOAlDbfcf4QgO.jpg,"[80, 9648, 18]",273977,['KR'],ko,레이디 두아,A body found in the middle of town. A luxe label on the rise. A detective tests every stitch of a woman's story that keeps changing. What really happened?,9.6569,/8hZqZB4DAC1Ebzbk80zc0H80SNa.jpg,2026-02-13,False,The Art of Sarah,7.457,93
182,False,/6MQaS4mMnM2WPvsAdQvZDOTxRK9.jpg,"[10759, 80, 18, 10765]",132979,['KR'],ko,배드 앤 크레이지,"A superhero drama about Soo-yeol who has lived his whole life as a materialistic police detective, but changes into a champion for justice and fights against police corruption when a hidden persona called ""K"" awakens inside him.",9.6059,/t9CRsIT1sGZY3bEpkWPZjMb4EWy.jpg,2021-12-17,False,Bad and Crazy,7.912,113
183,False,/rEwuB4VK9N1E3zKydXcI61xL7hd.jpg,"[18, 35]",125437,['KR'],ko,라켓소년단,A city kid is brought to the countryside by his father's new coaching gig: reviving a ragtag middle school badminton team on the brink of extinction.,9.562,/ofXLNr9Nmkicdz1UxLtzAv5ABHR.jpg,2021-05-31,False,Racket Boys,8.0,31
184,False,/1ENWqq5onPtbOYSUXbB9fl7rV5h.jpg,[18],37722,['KR'],ko,드림하이,Six dedicated students at Kirin Art High School work to achieve their dreams of becoming stars in the Korean music industry.,9.5594,/vqlPVNTnYNoXTqyIaW2oN1qV2lZ.jpg,2011-01-03,False,Dream High,6.906,90
185,False,/uFoPKUmrJBWwOCKFfRO2LiGFSwV.jpg,"[35, 10759, 9648, 18]",61670,['KR'],ko,힐러,"A star reporter, a second-rate journalist and a man by the code name ""Healer"" are brought together by a long-buried incident that hides dark truths.",9.5579,/too4Zig9bDJOfvnFfU1SaxKmGlR.jpg,2014-12-08,False,Healer,8.3,323
186,False,/i8DVzXlPYZnJANEoLja1ysXtJ3K.jpg,"[80, 9648, 10765, 18]",64840,['KR'],ko,시그널,Detectives from the present and a detective from the past communicate via walkie-talkie to solve a long-time unsolved case.,9.525,/uIskxIo84jexPhnrzm1TpsUCI9w.jpg,2016-01-22,False,Signal,8.2,198
187,False,/uDSnb7xvPziZedUzlrz3Za0YOz7.jpg,"[18, 10759]",88463,['KR'],ko,아스달 연대기,"In a mythical land called Arth, the inhabitants of the ancient city of Arthdal and its surrounding regions vie for power as they build a new society.",9.5029,/k5bKj5U2Z7AgkK3Mekji8xDHOuD.jpg,2019-06-01,False,Arthdal Chronicles,7.608,93
188,False,/oHZ9e5WlZfuHBbZZsQzfR0baxt2.jpg,[18],333,['KR'],ko,대장금,Orphaned Jang-geum becomes the first female physician in the Joseon Dynasty and her determination is tested when people around her start showing their true faces.,9.4559,/oiDr9sZPluqKJH8o0vuX5Dh61dh.jpg,2003-09-15,False,Jewel in the Palace,8.482,282
189,False,/pHhGVPOi9qI6CVYIrgZ2VWflg0u.jpg,"[9648, 18, 10751]",233833,['KR'],ko,찬란한 너의 계절에,"Chan lives every day like it is summer vacation. Haran is trapped in a lonely winter. When their forgotten past reunites them, Chan is determined to gift her another spring. Through laughter and tears, they face winter together and reach their spring in this heartwarming romance.",9.4351,/35UAIEtQQsjVl38GVPvbqc00pcJ.jpg,2026-02-20,False,In Your Radiant Season,8.108,37
190,False,/l1iP4NG6dhEoqooag7btdO807k1.jpg,"[35, 10751, 18]",307602,['KR'],ko,사랑을 처방해 드립니다,"Two families entangled in a bad relationship for 30 years, resolving misunderstandings, healing each other's wounds, and ultimately being reborn as one family.",9.4227,/u9CoYXucqSrIVvucjvQq6WsgWOU.jpg,2026-01-31,False,Recipe For Love,8.0,3
191,False,/eW6CqrGSRUk6xMbdCjreMQiP5W8.jpg,"[18, 80]",112833,['KR'],ko,소년심판,A tough judge balances her aversion to minor offenders with firm beliefs on justice and punishment as she tackles complex cases inside a juvenile court.,9.4177,/xH2wTVlsUlYeFEOVGFDaamHkMCm.jpg,2022-02-25,False,Juvenile Justice,8.066,259
192,False,/p98XiePTvNrXegxyKc6n46UJD85.jpg,"[18, 10765, 9648, 35]",281010,['KR'],ko,신이랑 법률사무소,"A timid lawyer who suddenly gains the ability to see ghosts teams up with a cold, elite attorney, and together they take on supernatural clients whose unfinished business reveals buried truths.",9.3476,/afLKnB1yzh28YbpbB5Z5xragMf.jpg,2026-03-13,False,Phantom Lawyer,7.741,27
193,False,/3WWS80F5LFPbLpqdmNw3NQVgBvY.jpg,[18],197133,['KR'],ko,학교,School is a drama series that deals with realistic issues South Korean teenagers faced in high school in the late 1990's.,9.309,/uvR8UwDbw38qsIORmO9kSKWfezn.jpg,1999-02-22,False,School,0.0,0
194,False,/t2fl4Po0H38ZYwzPboTTXhQ6v3Y.jpg,"[18, 9648]",214994,['KR'],ko,청담국제고등학교,"Kim Hye-in has to transfer to Cheongdam International High School after witnessing a murder. She crosses paths with Baek Je-na, a bully who happens to be connected to the case.",9.2949,/r2qOi6cSb0aUH1lzrg8vbr6i0Uw.jpg,2023-05-31,False,Bitch X Rich,8.2,42
195,False,/hhLOAhHCneP6nyDKelySKLsBlqW.jpg,"[35, 18, 10765]",273307,['KR'],ko,사장님의 식단표,"The R-rated web novel author, Nam Ja-yeon finds herself magically swapped with the female protagonist of her own novel! An unpredictable romance fantasy unfolds between the forever-alone author and the male lead of her romance novel, Kang Ha-jun.",9.2542,/c8l3HvnkmpLnFrhvyHOgyacvHSn.jpg,2024-10-03,False,Spice Up Our Love,6.981,52
196,False,/dfLjomSCGwjDe1fQy1QZBHNqgDS.jpg,"[80, 9648, 18]",292121,['KR'],ko,허수아비,"A fiercely competitive police officer and an idealistic prosecutor, former high school classmates, reunite while investigating a nationwide serial murder case, pulling them into both a dangerous pursuit and an unresolved personal past.",9.2428,/4buHiyaXkkzIdFDu66GOhvXEqbK.jpg,2026-04-20,False,The Scarecrow,8.2,13
197,False,/b05cToCrEocjOVam3f6ZwYnz2fC.jpg,"[18, 80, 10759]",212957,['KR'],ko,샤크: 더 스톰,"An action noir about the life of Cha Woo-sol, who was born again after meeting martial arts champion Jeong Do-hyeon in a juvenile prison.",9.1979,/iG7BrHe92jVFNAHMsFxsvBA9NL8.jpg,2025-05-15,False,Shark: The Storm,7.421,19
198,False,/dJJ9dH80HwWGERo5U59tw9JzYBQ.jpg,"[9648, 18]",205040,['KR'],ko,아다마스,"Twin brothers Woo-sin and Soo-hyun lose their father in a murder case. Twenty-two years later, the brothers seek to clear their father's name.",9.1648,/jhfZRo3krONzarJFot6WCw99uxH.jpg,2022-07-27,False,Adamas,6.7,50
199,False,/2lQ1PwGFZKM9EakCw1j4NShEuuj.jpg,"[18, 10765, 10759]",136369,['KR'],ko,내일,"Made half-human and half-spirit by accident, a young man is employed by a company of grim reapers in the underworld to carry out special missions.",9.1604,/3SFVIdXXQ2DrAOARBdf1knqG7Pw.jpg,2022-04-01,False,Tomorrow,8.4,291
200,False,/A09zpl9P997q9Q6fDvLqch3RlC4.jpg,"[18, 10765, 10759]",201019,['KR'],ko,구미호뎐1938,"The Nine-tailed fox makes a crash landing in the year 1938, an era of chaos, and he struggles to return to the present.",9.1496,/xB55oDrJiIYn2yeC9YNy1KJ4rl5.jpg,2023-05-06,False,Tale of the Nine Tailed 1938,8.119,88
201,False,/4Xer0oaXautbLRfJQOrlmPSCfN1.jpg,"[35, 18]",259015,['KR'],ko,그놈은 흑염룡,"Baek Su-jeong leads a planning team at a renowned department store. She meets her new boss, Ban Ju-yeon, her first love from an online game 16 years ago, stirring up memories of when he confessed his feelings but she rejected him.",9.1487,/84ZP2lykuGBwG13wgtLzVKtfBS.jpg,2025-02-17,False,My Dearest Nemesis,8.115,131
202,False,/6yyKOxjQgb0C3I43T6qyXbieHni.jpg,"[80, 35, 18]",293608,['KR'],ko,언더커버 미쓰홍,"A retro office comedy depicting the chaotic events that unfold in the late 1990s when Sammo Hung, a 30-year-old elite securities supervisor who only cares about work, goes undercover as a 20-year-old high school graduate employee at a securities firm where suspicious money flows are detected.",9.1344,/bZr3i8yczHGDzyqZQ9oOArEEVON.jpg,2026-01-17,False,Undercover Miss Hong,8.455,33
203,False,/79ngeH4ryvoMOvQOTLH176hoHFs.jpg,"[18, 35]",138251,['KR'],ko,이브,"The Republic of Korea is overturned by 2 trillion-won divorce scandal of a chaebol caused by one ordinary woman. It is about getting into the truth of the scandal and the top 1% rich couple who made it. Surprisingly, Lee Ra-el, a nobody who's not rich nor famous has caused the divorce. But Ra-el is a charming and intelligent woman who's mastered art, psychology, and even economics. if she wants to, she can get any kind of man with her looks and brain.",9.1128,/6xvIRR50lDzFRWLFCAwSzEkoEu3.jpg,2022-06-01,False,Eve,6.675,63
204,False,/ktlhFbvJaOvsQJCBtVLMaGDZKjW.jpg,"[35, 18]",68349,['KR'],ko,역도요정 김복주,"A competitive swimmer crosses paths with his childhood friend, a rising weight lifting star, and realizes that she has a secret crush on his cousin.",9.1004,/iLF6Jz6nL8uD8jKo6EvQ3XutDcR.jpg,2016-11-16,False,Weightlifting Fairy Kim Bok-joo,8.5,961
205,False,/4TBgJYRVx1O9MRfD7O8BQW9clD2.jpg,[18],1293,['KR'],ko,부부클리닉 사랑과 전쟁,"The Clinic for Married Couples: Love and War, aka Husbands and Wives: Love or War, is a South Korean TV program.",9.0903,/iytyBMCQSz3MTRmARLuMMu1ZTy0.jpg,1999-10-22,False,The Clinic for Married Couples: Love and War,0.0,0
206,False,/vllHmrJ2pKSjRlqOVY9SYWXcbeo.jpg,"[35, 18]",287009,['KR'],ko,닥터 섬보이,"In South Korea, military service is mandatory for all men. But a select few—like privileged medical students—can serve as public health doctors instead. This is the story of those privileged few. Do Ji-ui, a plastic surgeon, is assigned to Pyeondong-do, an isolated island no one wants to go to. From the very first day, ominous signs begin to appear. Can he survive a full year on this hellish island and make it out alive—or will the island break him before he can hold the line?",9.0841,/zwEYhe03vN1rbjF8Bsf9Dng0W8e.jpg,2026-06-01,False,Doctor on the Edge,8.19,21
207,False,/hbksC9zJiV1na8rW6BMJ7ywycVX.jpg,"[18, 10765]",232616,['KR'],ko,히어로는 아닙니다만,"Once blessed with unique superpowers, a family loses their abilities due to modern day problems — until a mysterious woman changes everything.",9.0258,/AnoQxxH3RoMRrUj5fm9SFRYlfxP.jpg,2024-05-04,False,The Atypical Family,8.229,118
208,False,/zOZqdv7UTc2sP2Tu5Cxj8j1M2r8.jpg,"[18, 35]",214999,['KR'],ko,나쁜 엄마,A tragic accident leaves an ambitious prosecutor with the mind of a child – forcing him and his mother to embark on a journey to heal their relationship.,9.0148,/vtDLhvpTk1xcaBCKubSH0if575G.jpg,2023-04-26,False,The Good Bad Mother,8.873,197
209,False,/66X23qG4RPk7XPDQCFFHHCage3M.jpg,"[80, 18]",233686,['KR'],ko,악연,"A fateful accident intertwines six lives in a thrilling tale of karma and crime, where each must face their own dark truths and connections.",9.0018,/nZ7SFBgEhgSCaQFFActjcBQeIV1.jpg,2025-04-04,False,Karma,7.54,113
210,False,/1aSv8dfBHcux06Qa3GUYUnqtqy4.jpg,"[18, 35]",258764,['KR'],ko,이혼보험,"No Ki-jun, an employee at an insurance company, decides to develop a divorce insurance policy after personally experiencing three divorces that impacted his life and finances. Despite potential biases, he believes divorce is an unforeseen disaster and establishes a team for divorce insurance.",8.9999,/6HAbRWYkX3bouEeHA4bjsUxznKC.jpg,2025-03-31,False,The Divorce Insurance,6.8,40
211,False,/wUDUibcYuox8Xf0QDiK46YzZM1N.jpg,"[35, 18]",90720,['KR'],ko,멜로가 체질,"Three 30-something friends chase dreams in Korea's competitive entertainment scene, balancing love, career, and personal growth.",8.99,/1JulSsxfpad3DtEACRjoGSNbx2f.jpg,2019-08-09,False,Be Melodramatic,7.9,47
212,False,/lnuPj1LrDAQB3nEQQaDsIfmEV6.jpg,"[35, 18, 10751]",88131,['KR'],ko,하이킥! 짧은 다리의 역습,"Ahn Nae Sang and Yoon Yoo Sun are middle aged husband and wife. When his business goes bankrupt, this couple moves in to her brother's house and the conflict starts.",8.9607,/29IyBGkje3h8Tqj590MOoccT9re.jpg,2011-09-19,False,High Kick: Revenge of the Short Legged,6.278,9
213,False,/nJaJaOXwgMWtVlVQdwU4CWQ2upf.jpg,"[18, 10765, 9648]",62078,['KR'],ko,블러드,"Park Ji-sang, a surgeon, leads a double life. While he tries to save his patients' lives, on the other hand, he is also a vampire who constantly craves for blood.",8.911,/2yBjsprxcVac08IDfAWFTR4KSJx.jpg,2015-02-16,False,Blood,7.4,51
214,False,/ggOukDTllje9G36qKuXJtzMcRRT.jpg,"[18, 9648]",131305,['KR'],ko,셀러브리티,Fame. Money. Power. One young woman fights to become the next hottest celebrity in the glamorous yet scandalous world of influencers in Seoul.,8.8616,/bYhzribGfkw6eeKkicJHx7U3Bwy.jpg,2023-06-30,False,Celebrity,7.8,161
215,False,/lzidnBhiOCJdtKkUBD2TOfYLE8d.jpg,"[18, 35]",233100,['KR'],ko,나의 완벽한 비서,"Yoo Eun-ho, a single dad armed with perfection, becomes the secretary of Kang Ji-yun, the CEO of a popular headhunter company, who doesn't do anything except work.",8.8438,/sp7OIpJl6uLiPqTgsc2wwrO9P8c.jpg,2025-01-03,False,Love Scout,8.0,59
216,False,/6Yi0rIMX6jdst39Wk0jaUzrIxuZ.jpg,[18],215471,['KR'],ko,사랑이라 말해요,"When her family becomes suddenly homeless, Woojoo decides on revenge for all the injustices she has been put through. However, her supposed foe, Dongjin, is a heart-wrenchingly lonely and gentle soul.",8.8352,/m7xiLb8mLyHHgThJICIPCsSq1qR.jpg,2023-02-22,False,Call It Love,8.155,55
217,False,/AvphOpbh7yoBfIROpNjlu2plIEn.jpg,"[35, 18]",70813,['KR'],ko,쌈 마이웨이,A former taekwondo champion and an information desk worker aspire to chase their dreams in a world that isn't kind to those with mediocre credentials.,8.8191,/55w33JzFKBkz1evjBjqeF0enDd1.jpg,2017-05-22,False,Fight for My Way,7.975,158
218,False,/wDjoR40ues797wYVeJYB1Vx5pUC.jpg,[18],209275,['KR'],ko,일당백집사,"Baek Dong Joo, a newly hired funeral director, has the uncanny gift, or curse, to momentarily resurrect and talk to the recently deceased. She has to grant their last wishes or have her days be filled with a series of bad luck and accidents. And helping the little boy that first terrified her when he came to life will lead her down a path she never could have expected.

Kim Tae Hee works as a man for hire. Employed by his uncle Vincent running the newly opened errand service company “A Dime A Job” he can be hired for any odd (but legal) task.  One day, Kim Tae Hee encounters Baek Dong Joo, when he is hired by her boyfriend to break up with her in his stead. After that, their paths continue to cross, and by the virtue of their jobs, their fates get intertwined deeper and deeper in a series of life and death situations, surrounding the wishes of the people who had died, and the painful past it is going to unravel for both of them.",8.8152,/5raBam3P9PypmcNsK7RDgyC5wAm.jpg,2022-10-19,False,May I Help You?,7.809,55
219,False,/2p8SssGsphxOELypa5GREVTblwj.jpg,"[18, 35, 10765]",315007,['KR'],ko,공감세포,"A former top actress who has lost her ability to feel and a psychological counselor who feels too much are brought together through a mysterious ability to share emotions. As she begins to rediscover emotions through him, and he learns to manage the overwhelming weight of empathy through her, the two gradually heal each other in unexpected ways.",8.7777,/iLf17aFCx2ESajFp1oyb03fmzNp.jpg,2026-07-04,False,Love in Sync,7.0,3
220,False,/uVtezq3V55HcP51caYGOMlSGSB3.jpg,"[16, 18]",232510,['KR'],ko,민용,"In a brutal underground world, a vampire medic and a wounded young fighter form a fragile bond—one built on pain, longing, and forbidden desire.",8.7427,/jvm1Ix9HckF4vpIkDp9tBaMbh8y.jpg,2023-08-11,False,MIGNON,7.5,27
221,False,/o6B99QzQLiv8BWI05djH1e8TNHP.jpg,"[18, 35, 9648]",61611,['KR'],ko,피노키오,In-ha and Ha-myeong become reporters for different reasons: one aspires to follow in her mother's footsteps and the other seeks to do honest news.,8.7405,/zVdHTEYEruxU8lis7OdY5tRg0UF.jpg,2014-11-12,False,Pinocchio,8.2,648
222,False,/h5Ti3B09fuXHwjo4USe0cuobaV6.jpg,"[18, 9648, 80]",135658,['KR'],ko,백설공주에게 죽음을-Black Out,"Two 19 year old girls were brutally murdered. The bodies were abandoned and could not be found anywhere inside the warehouse scattered with blood. The only suspect, was their friend. He was drunk on the night of the incident. He doesn’t recall a single memory. No memories of committing a murder. No memories of not committing a murder either. The boy had become a young adult by the time he was released from prison in 11 years. He wished to pursue a quiet life… But another murder flips the village. A white bone carcass has been discovered. The real devil is hiding somewhere within the seemingly peaceful village. Who’s the real devil?",8.7375,/qITIFCaAD594CTV2MdsOcYvfAoo.jpg,2024-08-16,False,Black Out,8.6,17
223,False,/dSNOb8E64mGUJJ51VJXlE0cnEtU.jpg,"[10765, 18]",259486,['KR'],ko,귀궁,"In a world of folklore and mysticism, a vengeful spirit and a devoted shaman cross paths, sparking a journey of love and redemption",8.7349,/dstp4G3muuXFVr9x3McedmhMkRi.jpg,2025-04-18,False,The Haunted Palace,8.1,36
224,False,/7209TG31t3kmG4n8AAA0OkGJTbT.jpg,"[18, 35]",211260,['KR'],ko,판타G스팟,"A warm, friendly, considerate person, Hee Jae is surrounded by people who claim to know and love her. The problem for Hee Jae is that she isn’t really sure if she really understands herself. On the other hand, Mi Na is Hee Jae's confident and energetic best friend and colleague at Play Books, a supplier of books and related products centered around sex and romance. While an expert in how to achieve physical pleasure, her understanding falls short on romantic relationships. When they find themselves told to take over hosting a sex and romance advice podcast, the two feel more than a little lost...",8.7098,/3o9ovaVPYyJiRfDZw20iOQTh8d0.jpg,2022-12-23,False,Hit the Spot,7.793,29
225,False,/bgTm5TTI6uoY0RbLA3Fbl5z32JG.jpg,"[10765, 18]",93846,['KR'],ko,더 킹 : 영원의 군주,Korean emperor Lee Gon tries to close the doors to a parallel world which was opened by demons; a detective tries to protect the people and the one she loves.,8.7082,/7SLlbkzOJb8v9wXVYIcqozx2hxe.jpg,2020-04-17,False,The King: Eternal Monarch,8.246,916
226,False,/2x29EaZfUq6wym6KGATKTBC7LuX.jpg,"[35, 18, 10751]",129473,['KR'],ko,신사와 아가씨,"Lee Young Kook is a widower with three children. He still hasn’t gotten over the death of his wife. He decides to hire Park Dan Dan as a live-in tutor for his kids and he becomes attracted to her. Meanwhile, Park Dan Dan has bright and positive personality despite her harsh situation.",8.6629,/vyahc0o4Xfbw0pZdz5QiqXxDRNH.jpg,2021-09-25,False,Young Lady and Gentleman,7.0,17
227,False,/4RdfeOFwWOapnQDjeyAVv0cvhCV.jpg,"[18, 9648]",135786,['KR'],ko,괴이,"A giant Buddha statue is unearthed in a small rural town. The mayor believes that it will change the town into a major tourist attraction. However, a catastrophe starts to grow. A centuries-old curse is unleashed from the statue, and it starts to eat up people's souls and make them non-human. Jung Ki-hoon, as archaeologist tries to seek the truth behind the paranormal phenomenon.",8.6321,/hqtp6EnL41A5aBtIAVOUFGthT8L.jpg,2022-04-29,False,Monstrous,6.08,44
228,False,/viQZtznvR20oTTSbXp6MPAWkGB2.jpg,"[80, 35, 9648, 18]",202783,['KR'],ko,살인자ㅇ난감,"When one accidental killing leads to another, an ordinary young man finds himself stuck in an endless cat-and-mouse chase with a shrewd detective.",8.6208,/i2yYZGT2If8XcCZS9ASF1g13MiT.jpg,2024-02-09,False,A Killer Paradox,7.361,201
229,False,/hkwceBwHOkog5GeDvB1tErKa3Jt.jpg,[18],116041,['KR'],ko,결혼작사 이혼작곡,"Everything comes unraveling for three successful women who work on a radio show as twists, turns and troubles plague their seemingly happy marriages.",8.6178,/bb82u4HyI8I469TGw2B7d1oM49.jpg,2021-01-23,False,Love (ft. Marriage and Divorce),7.276,29
230,False,/gwbw9uaUyO1mUJMuhhWCttBWdVX.jpg,"[35, 18]",281011,['KR'],ko,우주메리미,"A couple who pretend to be newlyweds, find themselves developing genuine feelings for each other as they navigate their fake marriage.",8.6106,/pfN6Ln8a6Xw23LQw0vL1YL8Kwqh.jpg,2025-10-10,False,Would You Marry Me?,8.187,83
231,False,/dNkHc3JWBJmCIADYIxYt07eTnvi.jpg,"[18, 10751]",211224,['KR'],ko,착한 사나이,"Seok-cheol, the eldest son in a family of three generations of gangsters, navigates the tumultuous ups and downs of life with tears and laughter, all to protect his family, career, and love.",8.5971,/mVOKlZ6Ix5OfXHsyuaQp4nEDE6n.jpg,2025-07-18,False,The Nice Guy,6.5,20
232,False,/vu5F4wLOBPFWYcBkJ3at2XKJgGa.jpg,"[35, 18]",67014,['KR'],ko,청춘시대,"With different personalities, life goals and taste in men, five female college students become housemates in a shared residence called Belle Epoque.",8.5885,/4MdSbKFGAzgFhF407e9fcZreqvm.jpg,2016-07-22,False,"Hello, My Twenties!",7.232,138
233,False,/ssmKNLHwGJCSBUMcmo1FeBLCNqu.jpg,"[80, 35, 18]",72690,['KR'],ko,구해줘,Four young men come to the rescue of a former classmate whose family has been sucked into the clutches of a religious cult and its charismatic leader.,8.5872,/oflwibJLRZZtYDUdjEu0XWD7lIi.jpg,2017-08-05,False,Save Me,8.089,73
234,False,/srmp3osyvkGHm56TZ3xiB1hFmdb.jpg,[18],66037,"['KR', 'VN']",vi,Tuổi Thanh Xuân,"Thuy Linh – a beautiful, innocent girl that is pampered by her parents has realized her dream of coming to Korea to study and satisfy her passion for K-pop and Korean culture. Linh entered an independent life in a foreign country starting with winning a scholarship at a university in Seoul. Incidentally sharing the inn with Khanh, Mai and Junsu – the son of the beautiful but rebellious hostess, Linh has had many difficulties when Junsu is the star who always brings trouble for her. It was thought that as many people with different personalities and preferences living under one roof would not be reconciled, but all four of them and other friends overcame all disagreements and had a good time.",8.5619,/bZ3tmJecLdwocCVSBr8soZNQmex.jpg,2014-12-17,False,Forever Young,0.0,0
235,False,/mWUJLaKshrT4s9dVu1kxbcHVDdN.jpg,"[18, 9648]",250951,['KR'],ko,스캔들,"Jeong In is found dead, grasping a note forewarning her death. In the past, she and Min Tae Chang conspired and killed Baek Seol Ah's father and stole his fortune. After using the money she stole to become the CEO of a production company she found, she meets and falls for Seo Jin Ho, an aspiring actor who looks just like her first love. Jeong In transforms him into Jung Woo Jin, a top star. However, she learns that his former love is Baek Seol Ah and that Park Jin Kyung, the unrevealed writer of ""Poker Face,"" is the same person as Baek Seol Ah. Baek Seol Ah vows to get revenge after learning that her ex-boyfriend, Seo Jin Ho, is involved with Jeong In, who had murdered her father. She resolves to write a drama to complete her revenge. Could Baek Seol Ah be Moon Jeong In's murderer? The culprit was someone in the banquet hall, but everyone wished for Jeong In's death. Who was it, and for what reason did they kill her?",8.5526,/qq7DANUsSSi4txCnVkQ3to2QRbw.jpg,2024-06-17,False,Snow White's Revenge,6.0,4
236,False,/mXouvrZbn8YpZMURGvw30QK8qfo.jpg,"[18, 10765]",89641,['KR'],ko,좋아하면 울리는,"Love Alarm is an app that tells you if someone within a 10-meter radius has a crush on you. It quickly becomes a social phenomenon. While everyone talks about it and uses it to test their love and popularity, Jojo is one of the few people who have yet to download the app. However, she soon faces a love triangle situation between Sun-oh whom she starts to have feelings for, and Hye-young, who has had a huge crush on her.",8.5041,/hQ8Hobo1RpYuZVQJQOCycNMHAG.jpg,2019-08-22,False,Love Alarm,8.2,2046
237,False,/tsdhmP9H7ZDveYDE0wkh90tjX3S.jpg,[18],96571,['KR'],ko,무브 투 헤븐: 나는 유품정리사입니다,"Finding life in all that’s left behind, a detail-oriented trauma cleaner and his estranged uncle deliver untold stories of the departed to loved ones.",8.501,/gUvA20jcHABFPjYMIiZl5o9tWi3.jpg,2021-05-14,False,Move to Heaven,8.0,388
238,False,/g76OvRFFDgMBmjFbY2FNRjzfZkN.jpg,"[18, 35]",152511,['KR'],ko,기상청 사람들: 사내연애 잔혹사 편,"Inside a national weather service, love proves just as difficult to predict as rain or shine for a diligent forecaster and her free-spirited co-worker.",8.4592,/3Qfh99m0jShWrqlFRsnWY7HeHNX.jpg,2022-02-12,False,Forecasting Love and Weather,7.3,139
239,False,/pMDhLfyYcuz6MMicbhkFKxMjcEE.jpg,"[18, 9648]",154523,['KR'],ko,돼지의 왕,"Two friends in the past were victims of serious school bullying. One could not resist his trauma, and becomes a serial killer, walking in the path of revenge. Another one tries his best to overcome the trauma and becomes a police detective. He now faces tragic fate to risk his life to capture the serial killer.",8.4543,/zCyngZDHOESiY52bg4QXhtkM2S5.jpg,2022-03-18,False,The King of Pigs,8.4,30
240,False,/ojsYDgPwQei5bVKkZzIsknli7od.jpg,"[35, 18]",61890,['KR'],ko,"하이드 지킬, 나","A chaebol executive with a split personality spars with a circus leader determined to save her troupe, which he’s trying to eject from his theme park.",8.4488,/pSus8FBfnEAGkrVNDkAW4L1qB5Y.jpg,2015-01-21,False,"Hyde, Jekyll, Me",7.135,26
241,False,/p4rJTY1rvQrffoh2P09sty5cz8B.jpg,"[10765, 10759, 18]",208825,['KR'],ko,기생수: 더 그레이,"When unidentified parasites violently take over human hosts and gain power, humanity must rise to combat the growing threat.",8.4095,/9UPneQ4NF7g6WDNSFE5qyt88wJn.jpg,2024-04-05,False,Parasyte: The Grey,7.441,340
242,False,/wM3uUP2XuOTfQU8rjWEK3QlSufG.jpg,"[35, 18, 10751]",287010,['KR'],ko,화려한 날들,An interior designer has a one-sided crush on her former college senior – but his best friend is secretly in love with her.,8.4026,/lduvaoMMGS71aLNrz9VMo5yXyMI.jpg,2025-08-09,False,Our Golden Days,4.8,4
243,False,/bGcMuFVzW0LitMJWSzp4EjmzQ0b.jpg,"[9648, 18]",226529,['KR'],ko,조명가게,"In a mysterious shop that sells lamps, the dead may return to the world of the living, while the living may not walk out alive.",8.3931,/iRgH73xibpeNZ8zzPDkIpxuoKgC.jpg,2024-12-04,False,Light Shop,8.425,266
244,False,/AoJgqEYpxRWd58gNQKNwYlPUFeZ.jpg,"[18, 80, 9648]",278113,['KR'],ko,골드랜드,"A young woman working as an airport security agent accidentally comes into possession of a smuggling ring’s gold bars. Caught in a chaotic whirlwind of greed and betrayal among various parties vying for the gold, she becomes consumed by the desire to claim it all for herself.",8.3686,/qhbwTTeSnIGctR4CEmHc9RQBwtT.jpg,2026-04-29,False,Gold Land,7.869,42
245,False,/bmy2Tnwk12IPAKvUX7HlI5D4bnD.jpg,"[18, 35]",221934,['KR'],ko,금이야 옥이야,"A work about the delightful and heartbreaking story of a family growing up while raising a child, centering on a single dad Geum Kang San and adopted child Ok Mi Rae who is the apple of his eye.",8.368,/4wIgh7yDZOVY5J3kddXY6xA89SE.jpg,2023-03-27,False,Apple of My Eye,4.5,2
246,False,/lr0h0OBj7QOEvkaX5g3JWoaKZsI.jpg,"[10759, 18]",238458,['KR'],ko,캐셔로,An ordinary man who inherits super strength discovers a greater evil out to steal his power. The one catch? Every use drains money from his wallet.,8.3386,/dm6RoaKgkGUxckamMDzsbqtLhFv.jpg,2025-12-26,False,Cashero,7.3,90
247,False,/6h8T2K0a5smf7x5KzYpqDcAcw3d.jpg,"[35, 18, 10751, 10749, 10765]",64770,['KR'],ko,감자별 2013QR3,"A mysterious asteroid crash-lands on Earth in 2013 and causes all sorts of weird things to start happening, specifically to the Noh family and their neighbors.",8.3375,/8HLs1vyor0iHcKKHosrtxWfG8LL.jpg,2013-09-23,False,Potato Star 2013QR3,7.0,2
248,False,/zfGAkCE73Hj45hrAVfYWhkbv4f7.jpg,"[18, 35, 10765]",209502,['KR'],ko,오늘도 사랑스럽개,Hae-na who is bound to inherit her family curse which is turning into a dog after getting her first kiss. The only way to break the curse is to get a second kiss. The problem is the guy who gave Hae-na her first kiss is afraid of dogs.,8.3355,/yzrgREOGseOgCtPbfoE3uW9Xuvq.jpg,2023-10-11,False,A Good Day to be a Dog,8.343,105
249,False,/3MkrzqX1jog9ItFux72MvYyYfuT.jpg,"[18, 9648]",206693,['KR'],ko,연인,A love-story between a noblewoman and a mysterious man who shows up in her hometown set in the 1600s during the Qing invasion.,8.3055,/d00uWx8T84ZRsguQTqITl3HnFJO.jpg,2023-08-04,False,My Dearest,8.296,54
250,False,/lAOiaHI5OoY1t4L5rcmwaf1HkLs.jpg,"[10759, 35, 18]",248244,['KR'],ko,언더커버 하이스쿨,"Ace NIS agent Jung Hae-seong is demoted after a mission failure. He goes undercover at a high school to locate King Gojong's missing gold, meeting his teacher Oh Soo-ah, who sees him as her lost first love, stirring old heartbreak.",8.2703,/vXAWUI1pYrBvZoUarGxWj1mtlXp.jpg,2025-02-21,False,Undercover High School,8.0,63
251,False,/TkPl6OFKHHieaWauQ1mleysIF9.jpg,[18],15135,['KR'],ko,이산,"Yi San, also known as Wind of the Palace, is a 2007 South Korean historical drama, starring Lee Seo-jin, Han Ji-min, Park Eun-hye, and Lee Jong-soo. It aired on Munhwa Broadcasting Corporation from September 17, 2007 to June 16, 2008 on Mondays and Tuesdays at 21:55. The series was produced by Lee Byeong-Hoon, who also produced award-winning television series Dae Jang Geum.

It won ""Top Excellence Acting Award"" for Lee Seo Jin and ""Best Actress"" for Han Ji-min at MBC's Acting Awards.",8.2593,/5Gv9g6YAMYMH84tQLTK5KG66xBU.jpg,2007-09-17,False,"Lee San, Wind in the Palace",7.333,18
252,False,/clGOzO82lN4gPI4Fon7wNVXS90i.jpg,"[18, 10765]",153496,['KR'],ko,재벌집 막내아들,"After ten years, a loyal employee is framed for embezzlement, then murdered by his employers, only to be reborn as their youngest son, with a yearn for revenge guiding his hostile takeover.",8.2479,/6vs7qtD5KUwijUhpthuhA6PkwxI.jpg,2022-11-18,False,Reborn Rich,8.004,120
253,False,/jCua4hbhQbBou4y8BXayjLQADRl.jpg,"[35, 18]",93541,['KR'],ko,조선로코 - 녹두전,"While on the run for his life, a young man discovers that the best place to lie low is in a village of widows — disguised as a woman.",8.2418,/r8BhphHIruCL2jM4sd1Zs6sMJov.jpg,2019-09-30,False,The Tale of Nokdu,7.1,88
254,False,/c4LRGwNi3nOft0U9bxEHg9kEj2N.jpg,"[18, 35]",197083,['KR'],ko,신병,"A hyper-realistic comedy depicting the story of a 'military' recruit enlisting in a place where all kinds of people, from the good to the bad to the weird, gather.",8.2214,/rhaVq50hxzvyIMBhR4g9ElMpLfG.jpg,2022-07-22,False,New Recruit,8.5,6
255,False,/5kOKNntEPrnq8LRtjC9vXAUueut.jpg,"[35, 18]",85404,['KR'],ko,진심이 닿다,"Hoping to make a comeback after a bad scandal, an actress agrees to research a new role by taking a job as a secretary for a prickly attorney.",8.217,/kVFflfTOFqFBh34jcVRI1QCWSre.jpg,2019-02-06,False,Touch Your Heart,8.3,366
256,False,/vtdpgm0QR4RDB3tQFIdpYG4QE16.jpg,"[10765, 10759, 18]",211747,['KR'],ko,아일랜드,"Evil took its first step to destroy the world. On the mysterious island of Jeju Island, the gateway to this, ""Van,"" a mix of human and monster, ""Won Mi-ho,"" the one in the center of fate, and ""Johan,"" the one who exercises God’s power, come together. A strange, yet captivating, action-packed exorcism fantasy in which they fight evil, share the fate of saving the world, and defy their own...",8.1892,/bpoDjjcj6vE7k9xH14wb13UMYqi.jpg,2022-12-30,False,Island,8.1,244
257,False,,[18],35168,['KR'],ko,흥부네 박터졌네,,8.1492,,2003-10-27,False,A Problem at My Younger Brother's House,0.0,0
258,False,/9MEzfTNfnTvCLHXfRu7a5TSJCsx.jpg,[18],281004,['KR'],ko,에스콰이어: 변호사를 꿈꾸는 변호사들,"A young, rookie lawyer with a strong sense of justice joins a top law firm — navigating the complex legal world under a cold, demanding mentor.",8.1303,/nN6mZZxJBPZXBjLxnjgpnoRvswk.jpg,2025-08-02,False,Beyond the Bar,8.1,73
259,False,/qrWC0j3M3mGCTaD7YFTn37niUXc.jpg,"[35, 18]",78869,['KR'],ko,일단 뜨겁게 청소하라,"Gil Oh-so, an employee at a cleaning company, meets Jang Seon-gyul, the boss of the company. The two are diametric opposite when it comes to cleanliness. With the help of Oh-sol, Seon-gyul faces his mysophobia and falls in love with her.",8.1244,/6ig2QeFmZuiHi07wpD4OULQiUmx.jpg,2018-11-26,False,Clean with Passion for Now,7.5,71
260,False,/A4WAgjXnuCHWdY5TYyLf2wvAIPD.jpg,"[35, 18]",135897,['KR'],ko,그 해 우리는,"Years after filming a viral documentary in high school, two bickering ex-lovers get pulled back in front of the camera — and into each other's lives.",8.0988,/bA15g6OLmhQ2HkURRaCztA2jwqI.jpg,2021-12-06,False,Our Beloved Summer,8.37,177
261,False,/7uVNWsjnmkvqpeqWHq5qpLBv3wd.jpg,"[80, 18, 9648]",271885,['KR'],ko,당신이 죽였다,"When two women plot to end an abusive marriage through murder, an unexpected visitor arrives — threatening to shatter everything they've carefully planned.",8.0718,/3ciqsMz21p8xp5udriFjRGM5OYs.jpg,2025-11-07,False,As You Stood By,8.235,102
262,False,/8QmG7RPONnm32REpLpRXKYv7yyr.jpg,[18],82298,['KR'],ko,여우각시별,"At Incheon International Airport, brilliant but distant engineer Lee Soo-yeon and clumsy, idealistic rookie Han Yeo-reum cross paths as they navigate tough challenges, personal secrets, and unexpected connections in their new jobs.",8.0518,/le2KWix9IojXI0xSYv4UhBvnqw5.jpg,2018-10-01,False,Where Stars Land,7.4,44
263,False,/47fLewzHRpL4vbcaHqQUZhOVF5C.jpg,"[10759, 18, 10765]",246748,['KR'],ko,폭군,"A secret project in Korea is exposed to the US so the project gets scrapped and the sample is to be handed over when a delivery accident occurs. Director Choe tries to hide the sample as Paul searches, but they end up at the same place as Jagyeong and Lim Sang. Who will seize the sample in the end?",8.0492,/xgAZRY9swQYRkj3waCZeBDBCkuj.jpg,2024-08-14,False,The Tyrant,7.203,64
264,False,/nZcF5itd412f50krz3WLWDDcB7o.jpg,[18],273418,['KR'],ko,서초동,Story of a lawyer who is known for his good appearance and straightforward personality and is working with Gyeongmin Law Firm for 9 years.,8.0349,/cVykmkPdo81mLToE2YLeZOLy7yd.jpg,2025-07-05,False,Law and the City,7.6,39
265,False,/cqLrc6WXOm57Z18X6etRoRUOi7h.jpg,"[35, 18]",5279,['KR'],ko,궁,A high school girl’s world turns upside-down after she learns her grandfather promised her hand in marriage to the nation’s crown prince!,8.0303,/v9DjFE0VZJER9Gt4DVgkM7TBe3c.jpg,2006-01-11,False,Princess Hours,7.6,150
266,False,/nNB8ST1cCslJLPI9Uhn5uVht2Dd.jpg,"[18, 9648]",155231,['KR'],ko,"링크: 먹고, 사랑하라, 죽이게","Eun Gye-hoon, a famous chef, opens a restaurant in a town he lived when he was a little kid. In the past, he had a twin sister. But after a traumatic incident tat the hometown, the family lost her. He used to have a strong emotional link to his sister, able to synchronize with any kinds of feelings she was having. When Noh Da-hyun, a young woman in need of help, visits him one day, Gye-hoon starts to feel that strong link again.",8.0199,/lyQQFIbDsdSBYpxG2EcS7gGEZ5j.jpg,2022-06-06,False,"Link: Eat, Love, Kill",7.7,131
267,False,/fEJcw7RsYP6VaExWEQTDsrQwXTk.jpg,"[35, 18]",84327,['KR'],ko,SKY 캐슬,"For the families living at Sky Castle, an exclusive residential community that's home to Korea's elite, their children’s success means everything.",8.0135,/tE2b4DKYteipIBE51re62jLi6RU.jpg,2018-11-23,False,SKY Castle,8.019,81
268,False,/kgqzwaOzgkaAj12XLYxgK5wB7XA.jpg,"[9648, 18]",209110,['KR'],ko,자백의 대가,"Accused of killing her husband, a woman is offered a way out by a mysterious stranger: in exchange for a confession in her place, she must commit murder.",8.0049,/gPb8k63HrpvTxHc9yKWZEBR4Kml.jpg,2025-12-05,False,The Price of Confession,7.958,83
269,False,/zqrqsShNcOJAExYrpnTSrCSK6RG.jpg,"[35, 18]",287344,['KR'],ko,미혼남녀의 효율적 만남,"A woman determined to finally open her heart goes on a blind date with two very different men, and through the chaos and charm of it all, she ends up figuring out what love actually means for her.",8.0047,/AhZDz5309V0zsZfUyF4cilkUM4T.jpg,2026-02-28,False,The Practical Guide to Love,6.8,10
270,False,/mUdN4k4ryXfptQTn9xfUmj4hNmE.jpg,[18],63927,['KR'],ko,육룡이 나르샤,"The ambitious success stories of 6 people surrounding Prince Lee Bang Won, and the ideological and political conflict between Prince Lee Bang Won and Jung Do Jeon, the man instrumental in helping King Taejo establish the fledgling Joseon nation.",7.9998,/2hTPwQbjRM1POBckZwp6SxJCHf1.jpg,2015-10-05,False,Six Flying Dragons,7.188,32
271,False,/nGk7HMAU6rMZ6pe6g1NFxElWuuL.jpg,"[18, 36]",21771,['KR'],ko,선덕여왕,"A royal prophecy warns that the birth of twins will end the male line of succession. To protect the kingdom, one twin sister is exiled to a distant desert, growing up unaware of her royal heritage. Years later, she returns disguised as a man, joining an elite order of warriors. Alongside loyal allies and an outcast warrior, she fights to reclaim her identity and overthrow a corrupt rival faction threatening the throne.",7.9803,/vlIytr27MGO6gOYgC6OwgppI4xq.jpg,2009-05-25,False,The Great Queen Seondeok,7.107,42
272,False,/nASQIwb5BeAaJpLrsqMu8qFVCgl.jpg,[18],18493,['KR'],ko,아내의 유혹,"One night Goo Eun Jae got drunk and Jung Gyo Bin took this opportunity to take advantage of her. Eun Jae and Gyo Bin got married but their marriage is not a very blissful marriage. Eun Jae's best friend, Shin Ae Ri, openly flirts with Gyo Bin in front of Eun Jae. Gyo Bin decided that he did not want to remain married to Eun Jae and tried to kill her. Eun Jae was presumed to have drown and died. Gyo Bin thought he was successful in killing Eun Jae and moved on with Ae Ri. Months later, Eun Jae is back for revenge but she assumes the identity of another woman, Min So Hee, who had killed herself. How will Gyo Bin react to a girl who looks exactly like his presumed dead wife, Eun Jae? Will he be tempted by So Hee?",7.9737,/A7km6X4ULRH5QUi51P44MhPjtXI.jpg,2008-11-03,False,Temptation of Wife,5.0,8
273,False,/jChgOjgYN7Vhkc5OpBbIYG4uSTG.jpg,"[18, 35]",154824,['KR'],ko,이번 생도 잘 부탁해,"Ban Ji-eum can endlessly reincarnate. But when her 18th life gets cut short, she dedicates the next one to finding her now grown-up childhood love.",7.9513,/zbP6wPbdFCTFnzuZoVXMw9q5Hno.jpg,2023-06-17,False,See You in My 19th Life,8.131,221
274,False,/oFF9NaK63iTGtsCm65hnyKYhTgc.jpg,"[10765, 18, 9648]",72548,['KR'],ko,너도 인간이니,"Nam Shin is a son from a family who runs a large company. After an unexpected accident, he falls into a coma. His mother Oh Ro-Ra is an authority on brain science and artificial intelligence. She creates an android named Nam Shin III which looks like just like her son Nam Shin. The android pretends to be Nam Shin and he has a bodyguard So-Bong.",7.9421,/oVjRu96T5T68hoVwqPd8QZQo5Sp.jpg,2018-06-04,False,Are You Human?,8.124,346
275,False,/asyFsuedj8sWLONHrt6f3ZZxhlo.jpg,"[35, 18]",68947,['KR'],ko,김과장,An accountant who's deft at embezzling funds becomes an unintentional hero to his colleagues when he gets a new corporate job.,7.8873,/yOi3P2Wvu2qSJd04cR30YyxVyol.jpg,2017-01-25,False,Chief Kim,8.0,59
276,False,/gDyrrcqa4Gt8fYq4Cw7IBwBplcQ.jpg,"[18, 80, 9648]",157161,['KR'],ko,형사록,A veteran detective who is about to retire unfolds a breathtaking psychological warfare with a mysterious man who follows his path while hiding his identity.,7.8853,/bQlLY4OWGKKFCS1OwkIC9n6hsm7.jpg,2022-10-26,False,Shadow Detective,6.34,50
277,False,/w5P0EXYWyUZjWVYYgMOkiqvyE3W.jpg,[18],89604,['KR'],ko,봄밤,"When Lee Jeong-in and Yu Ji-ho meet, something unexpected happens. Or it just may be that spring is in the air -- and anything is possible.",7.8853,/gng7Ah3bYbVctiWuw6zVSKfEfY5.jpg,2019-05-22,False,One Spring Night,8.006,81
278,False,/18ypvPahjmmue1iR4N4YgTBrO8N.jpg,[18],99047,['KR'],ko,청춘기록,"In a cutthroat world where the life you’re born into decides your success, three aspiring youths are determined to change that perception as they fight for their dreams.",7.8751,/54yTLS5d4OPOuunzOvHlmP82eIT.jpg,2020-09-07,False,Record of Youth,8.035,241
279,False,/s1hiQZnjnhFt36dMfWR66ZQ2TQH.jpg,"[35, 18]",71347,['KR'],ko,엽기적인 그녀,"When a respected scholar becomes the unexpected protector of a sassy princess, he must save her from rebels threatening her royal future.",7.8643,/llSHPKnZWaFvvTKqslvUVeyrK4O.jpg,2017-05-29,False,My Sassy Girl,6.2,38
280,False,/ea6lO0I2wOtC0SiHWZPfg9zRKZo.jpg,"[9648, 80, 18]",219652,['KR'],ko,아무도 없는 숲속에서,"One tranquil summer, a mysterious woman checks into a vacation rental — triggering events that disrupt the lives of the owner and those around him.",7.858,/uMl2TzRs1LzTR9jyRNHnf5keqMV.jpg,2024-08-23,False,The Frog,7.293,140
281,False,/1YU4caJKDH2zOaKlpvdXHpaOwO0.jpg,[18],88398,['KR'],ko,녹두꽃,"Set during the period of the 1894 Donghak Peasant Revolution against the Japanese, the drama tells the story of two half-brothers, one illegitimate and low born, and one, part of the pro-Japanese ruling elite, who find themselves on opposite sides of the conflict.",7.8515,/kKCvoDIp36NvZPu5TGfW9ALzBEf.jpg,2019-04-26,False,The Nokdu Flower,7.7,8
282,False,/tYaciF3cvxq3S50NRCqQbAtt4Pt.jpg,[18],76241,['KR'],ko,드라마 스테이지,South Korean anthology series featuring one-act dramas selected from the O'PEN Drama Storyteller Exhibition.,7.8481,/rTThC8x5n8Fd0U47PZuhGULURi5.jpg,2017-12-02,False,Drama Stage,4.0,3
283,False,/9VPNHVHT3d3FzLQiHO4cq4Ysl3r.jpg,[18],226527,['KR'],ko,하이라키,"The top 0.01% of students control law and order at Jooshin High School, but a secretive transfer student chips a crack in their indomitable world.",7.8333,/szr7QFNnuspcyhW0rsoDMDN73pP.jpg,2024-06-07,False,Hierarchy,7.7,183
284,False,/3Ujyp6wzwcfPp76K7XqP5CYYxPE.jpg,"[35, 18]",3215,['KR'],ko,커피프린스 1호점,"An immature company heir falls for his hardworking new cafe employee, but there’s a catch: he thinks she’s a man, and he's... ok with it?",7.8312,/58sGxCprk1CSBXiXCG9fpr1S8D0.jpg,2007-07-02,False,Coffee Prince,8.157,289
285,False,/9hNJ3fvIVd4WE3rU1Us2awoTpgM.jpg,"[18, 10765, 9648]",96777,['KR'],ko,고요의 바다,"During a perilous 24-hour mission on the moon, space explorers try to retrieve samples from an abandoned research facility steeped in classified secrets.",7.8249,/fFT0IgqtCOks4munDTxQwkvNJkd.jpg,2021-12-24,False,The Silent Sea,7.595,733
286,False,/qhCE2SEzF4lxlBGiE3o8Yn6XeJq.jpg,"[35, 18]",201084,['KR'],ko,오프닝,O'PENing is the new name of Drama Stage which has been broadcasting the winning work of the O'PEN storyteller contest. The franchise will continue to make meaningful steps to introduce and support new writers to see the light of the world and diversify content genres.,7.8198,/yXKz2xbwEeMiN3HV4oAoW46yG8L.jpg,2022-05-02,False,O’PENing,6.3,3
287,False,/qdbuTm6cHRNKnLZarfsUg6acqvB.jpg,"[18, 9648, 10759]",134675,['KR'],ko,작은 아씨들,"Three sisters, who only have each other and never enough money, get entangled in a conspiracy involving the rich and powerful.",7.8076,/oK6q2rDVXNpPyZaZhhiqG2g5Wty.jpg,2022-09-03,False,Little Women,8.0,194
288,False,/fbAQzJw2mLYmf39L0c1SvijDwwv.jpg,"[18, 35]",66329,['KR'],ko,닥터스,"A recalcitrant, delinquent teen girl meets a compassionate teacher, who inspires her to alter her path and become a street-savvy neurosurgeon.",7.7887,/46cAIR1PLpvYFc3byLWGqAFrtNM.jpg,2016-06-20,False,Doctors,8.1,331
289,False,/qmOMfbBANh1ec5mqk4hkPWtVVLY.jpg,"[9648, 18, 80, 10765]",137043,['KR'],ko,커넥트,"Dongsoo leads a solitary life, spending his time uploading  music to the internet. His ordinary life is upended when he is kidnapped by an organ hunter, who takes out one of his eyes. Soon, Dongsoo is sharing the  vision of someone who got his eye. Through the connected vision, he learns that the taker is a notorious serial killer, and pursues the murderer to get his eye back.",7.7862,/bVgwlYamm5gplckeMWKNFBVyNXi.jpg,2022-12-07,False,Connect,7.6,125
290,False,/bFjiFIVl8T3giKYQTweyr5Xp0QE.jpg,"[18, 10765]",114118,['KR'],ko,간 떨어지는 동거,"To become a human, a 999-year-old Gumiho, Shin Woo-yeo needs to fill his fox bead with human energy before he turns 1,000 years old. One day, a college girl, Lee Dam accidentally swallows Woo-yeo's fox bead.",7.7548,/ep3TFArcl7jYipJymsKp2zuGv1m.jpg,2021-05-26,False,My Roommate Is a Gumiho,8.143,147
291,False,/vKpIUPTiUX0pOdh0N813nHvNczg.jpg,"[35, 18]",74682,['KR'],ko,로봇이 아니야,"Kim Min Gyu has wealth and success, but lives an isolated life due to his allergy of people. He then meets and falls in love with a girl who is pretending to be a robot for her ex-boyfriend, a genius robots professor.",7.7491,/2l1KTliFU7SjNT1OpTojbvjEnZe.jpg,2017-12-06,False,I Am Not a Robot,8.3,830
292,False,/5BvjF6KH25BKSQcNYDdzVhtnPzJ.jpg,"[9648, 35, 18]",156484,['KR'],ko,The 8 Show,Eight individuals trapped in a mysterious 8-story building participate in a tempting but dangerous show where they earn money as time passes.,7.742,/umBNBnKThMmF1QQZixZ7rsYOowq.jpg,2024-05-17,False,The 8 Show,7.254,344
293,False,/xFkF85Xk3lkogswWPBYbPgXxutx.jpg,[18],226103,['KR'],ko,원경,"A woman from a prestigious family helps her husband become king, but their relationship deteriorates as he takes many concubines. Tensions rise as the king seeks to control her and her family.",7.7329,/hoTFlJ9JY2SJAeL4wTBNZTplpa4.jpg,2025-01-06,False,The Queen Who Crowns,7.5,13
294,False,/ilTl0g138RAgM1TEeCaPKl1FxSh.jpg,"[9648, 18, 80, 35]",285278,['KR'],ko,아이돌아이,"Maeng Se-na, a top star criminal lawyer who has been a fangirl for fifteen years, tries to prove her favorite idol’s innocence, who is suspected of murder.",7.7095,/ii3CB9QwIEwClqt7MgRoe188BbO.jpg,2025-12-22,False,Idol I,7.776,29
295,False,/qCKFi1v109vOEHlc02AJFpBcS79.jpg,"[18, 80, 9648]",116612,['KR'],ko,괴물,"As a killing resembling a cold case resurfaces in a small town, the chase for the truth falls on two policemen who each harbor secrets of their own.",7.6749,/qvR2V6BlXrJ7VTuhEfnXc4rTJTR.jpg,2021-02-19,False,Beyond Evil,8.518,190
296,False,/col8IFqOjTZH6412I1bjum5MrL8.jpg,"[18, 35, 10759]",66496,['KR'],ko,화랑,An elite group of young warriors trained in morals and martial arts finds love and friendship in Silla during Korea’s ancient Three Kingdoms period.,7.6743,/sXEiMRfG2IiSpa7gVWY401L6n21.jpg,2016-12-19,False,Hwarang: The Poet Warrior Youth,7.887,283
297,False,/9c3N0E1fuvHhUbw2qjYVAzTDfaX.jpg,[18],287267,['KR'],ko,여왕의 집,"A wealthy designer yearning for a simpler life has her world turned upside down by a shocking event, drawing her into the path of a compassionate surgeon whose life is consumed by a quest for revenge after a heartbreaking loss.",7.6411,/sdCrSGhGz0EoGdOcXXh8BUVobGr.jpg,2025-04-28,False,Queen's House,7.0,2
298,False,/gfBw8ZoGtRHSmSD5jo0McgwDzYd.jpg,"[10759, 35, 18]",297712,['KR'],ko,오십프로,"Three seemingly ordinary but deadly uncles, whose fate sets them in motion again. It depicts the everyday lives of three middle-aged men, who have lived 50% of their lives, and the realistic comedy of these uncles who are even sadder because they were successful in their past.",7.6405,/lPG0WrpcKKl3QegDBvYf0vW9mbl.jpg,2026-05-22,False,Fifties Professionals,6.278,9
299,False,/81F0pLXZimjhEhheuwAKs5U9VCN.jpg,[18],92389,['KR'],ko,TV 방자전,"The drama's story twists around to ask what would happen if Lee Myong Ryong was unattractive, while his servant Bang Ja Jeon was attractive? During Lee Myong Ryong's courtship with Lady Chun Hyang both parties use their servants to communicate...",7.6357,/4AEqEUq60lTH7qciB0y1Ad92I9J.jpg,2011-11-05,False,The Servant: The Untold Story of Bang-Ja,0.0,0
300,False,/trOVoa8uRgD3HkZFtbldFQ0B6Xk.jpg,[18],99490,['KR'],ko,한 번 다녀왔습니다,"Back at square one as divorcees, four siblings take another shot at love and dreams — after mustering up the courage to convince their parents first.",7.6179,/oV3yxKG56IMQvdXzYn2GodT79rb.jpg,2020-03-28,False,Once Again,7.6,16
301,False,/cwGnZQYGuqQKbfFeObaONKkiQJx.jpg,[18],196268,['KR'],ko,안나,The story of a woman who ends up living a completely different life due to a petty lie.,7.6168,/2Dq9A4l5KaoBz1LerrDcBVgHdJm.jpg,2022-06-24,False,Anna,7.305,64
302,False,/m0VuPoWQhbgMjVIwAdZmmHgHQrl.jpg,[18],261980,['KR'],ko,미지의 서울,"Twin sisters, whose similarities end with their looks, swap identities amid personal struggles — embarking on a journey to rediscover love and life.",7.6065,/4wnCkk4HmIzBuyyFGpcGxPKsyjI.jpg,2025-05-24,False,Our Unwritten Seoul,8.421,95
303,False,/xrXqpJqjGTNrLAtYUomcHwCvlHg.jpg,"[18, 10759]",31505,['KR'],ko,아이리스,"Two friends, members of the South Korean military, are recruited by a secret black ops agency.",7.5951,/qYogQkaGz7ejphzCf8EeylUuAKP.jpg,2009-10-14,False,Iris,7.4,47
304,False,/kdsvRpXal5Xa1Ldq7m2qzQmYsBa.jpg,"[18, 80]",74821,['KR'],ko,슬기로운 감빵생활,"With his major league baseball debut right around the corner, a star pitcher lands in prison and must learn to navigate his new world.",7.5945,/6Z2Wrr8m8Fx9WN10Q3eqaPI9WgT.jpg,2017-11-22,False,Prison Playbook,8.243,107
305,False,,"[18, 10766]",114804,['KR'],ko,보고 또 보고,"A family drama about the entangled conflict, love, and reconciliation of the characters around them, centered on Mammal's eldest daughter Jin Ju and Eun Ju's sister Eun Ju, who grew up with her parents' love.",7.5895,/45Lh0gZzTHMSferL6L11PXavOFd.jpg,1998-03-02,False,See and See Again,10.0,1
306,False,/d4GcNpwpyDjPhWWXmHj56SYywyx.jpg,"[80, 10759, 18]",82032,['KR'],ko,플레이어,The story about the revenge of four talented individuals in their respective fields who create an elite team to solve crimes.,7.5162,/jURS8h0iiifH348g8FTJVD4VCXC.jpg,2018-09-29,False,Player,7.741,29
307,False,/Aww7oAwHSMOsysckdnCY1g8YyVW.jpg,"[10759, 18]",135655,['KR'],ko,인사이더,"When a judicial apprentice goes behind bars while on an undercover job, he plays the hand he’s dealt to survive prison and get his payback.",7.5035,/i4AYdYcNAdhymrMpFMe6MK6r1d8.jpg,2022-06-08,False,Insider,5.6,28
308,False,/v9Ej3dWhR0nFcLPOtvdPFXC6DN9.jpg,"[18, 35]",99048,['KR'],ko,스타트업,Young entrepreneurs aspiring to launch virtual dreams into reality compete for success and love in the cutthroat world of Korea's high-tech industry.,7.4918,/hxJQ3A2wtreuWDnVBbzzXI3YlOE.jpg,2020-10-17,False,Start-Up,8.173,385
309,False,/ynixwhYEcDrYRr5Jft0LNqAQERQ.jpg,"[9648, 18]",241860,['KR'],ko,클라이맥스,"An ambitious prosecutor rises through Korea’s elite by marrying a famous actress, only to be pulled into a ruthless power cartel where hidden informants, corporate heirs, and political players collide in a brutal struggle for survival and control.",7.4851,/znQD6puGiyMpNXPLs172Vv1h0GK.jpg,2026-03-16,False,Climax,6.9,12
310,False,/zZZJeUCF2LSdFuQcHTIHLvLGKDh.jpg,"[18, 35]",133670,['KR'],ko,술꾼도시여자들,Three single women in 30s gather and talk about everyday life from work to love. Nothing is more important to them than enjoying a drink after work.,7.4645,/m6c69FvtN5kMCryjp1DyOssthij.jpg,2021-10-22,False,"Work Later, Drink Now",8.1,35
311,False,/d8Ct2DVLiGvurKQsz7VWtfDB9ho.jpg,"[9648, 80, 18]",89959,['KR'],ko,타인은 지옥이다,Unpleasant events disturb the life of an aspiring crime fiction writer when he becomes a resident of an apartment building teeming with shady neighbors.,7.4608,/o66rEzPzZZWxSrcus2f46CedHhq.jpg,2019-08-31,False,Strangers from Hell,8.05,150
312,False,/1c05ymtbhYCJQYj8NQkij9rJs0T.jpg,[18],65806,['KR'],ko,몬스터,"The story of a man who fights against greed, and experiences every hardship and adversity known to man in order to make something of himself and find love.",7.4546,/nnTcGgFYkGvJdoI2TTNbhupEu4R.jpg,2016-03-28,False,Monster,7.3,8
313,False,/1CciqQoKW453lO7LQk1HeJDdauD.jpg,"[18, 10765]",135895,['KR'],ko,키스 식스 센스,"Hong Ye-sul, a competent account executive at an advertising company, has one secret— she can see the future when her lips come into contact with another person. When Ye-sul accidentally kisses her stern team chief Cha Min-hu, she sees the impossible: herself in bed with him some time in the future. To add to her confusion and frustration, her ex-boyfriend Lee Pil-yo is attempting to win back her heart, shaking her life up even more.",7.4478,/xEb7SmwmEt1LlzeABbHIIYWVxoy.jpg,2022-05-25,False,Kiss Sixth Sense,7.906,69
314,False,/xMgfvjhKwuFTyoXNpa8UVV74rek.jpg,"[35, 18]",281006,['KR'],ko,당신의 맛,"Driven to claim top culinary honors, an arrogant heir meets a low-profile but stubborn chef whose recipes astonish him — sparking an unlikely romance.",7.4446,/eJLFeRmxssjQgV1wmtgdKwzYLEC.jpg,2025-05-12,False,Tastefully Yours,8.279,77
315,False,/pxjR0Wds0gkwY8pYDYExf6DuLoL.jpg,"[9648, 35, 18, 10765]",210781,['KR'],ko,소용없어 거짓말,"A woman who can't trust people because of her ability to hear lies and a mystic composer who hid his indescribable identity, become involved in each other's lives to uncover the truth.",7.4098,/lDxDrALYgBFKyr2xTY9EHZ7GaW6.jpg,2023-07-31,False,My Lovely Liar,7.728,90
316,False,/xPFmxUuZnmYAlpoO5QI9AdYegxt.jpg,"[10765, 35, 18]",278331,['KR'],ko,남주의 첫날밤을 가져버렸다,"Reincarnated as a minor character in a novel, Cha Seon-taek unexpectedly spends a night with Prince Kyungsung, sparking an intense and unexpected romance.",7.3977,/dlR9GzrDjioALN9W4RMFfjYyIXF.jpg,2025-06-11,False,The First Night with the Duke,8.0,35
317,False,/buA9gM0cEcBmIcQX79o6QpTYUPT.jpg,"[10765, 18, 9648]",232402,['KR'],ko,S라인,A young woman with the ability to see mysterious red connections between lovers discovers her secret gift is no longer unique when special glasses granting similar powers appear on the black market.,7.3856,/7TGolwcia6AI6uvInBOoedAi9Il.jpg,2025-07-11,False,S Line,7.526,171
318,False,/pesQeihnBGcqwfrxjRDSrFpiKtJ.jpg,"[18, 35]",201146,['KR'],ko,월수금화목토,"Contract marriage master Choi Sang-eun's alternate day romance with a long-term mystery client on Monday, Wednesday and Friday and a new superstar client on Tuesday, Thursday and Saturday.",7.3587,/g4xiJu2P0ooLQEn8JE3CnU9w0jU.jpg,2022-09-21,False,Love in Contract,7.777,74
319,False,/5T4ij5RgI7y5UHNgI2scH8BU5J9.jpg,"[80, 18]",310024,['KR'],ko,블러디 플라워,"A former medical school dropout claiming to be able to cure terminal illnesses is sentenced to death for the murder of 17 people. Is he a monstrous killer, or a savior holding the cure for humanity?",7.3531,/bDoAdJLEAiCRj8B0QRAz2wt2xfv.jpg,2026-02-04,False,Bloody Flower,8.023,22
320,False,/pzyFcIQ7T6uUaqATeWdSpqLP83V.jpg,"[10759, 35, 18, 9648, 80]",129475,['KR'],ko,구경이,"A reclusive ex-cop reenters the game as an insurance investigator, searching for clues in crime scenes perfectly staged by a serial killer in her midst.",7.3464,/ihAWMJ3K9J7WwA3ph57lxCLsQGA.jpg,2021-10-30,False,Inspector Koo,7.4,161
321,False,/cjosvDAWuNvMmJ9bmgmy0DFspoe.jpg,[18],66240,['KR'],ko,옥중화,"Jeonokseo, the most horrifying prison in Joseon, is where Ok Nyeo was born. This genius girl learns the art of living from the most eccentric people of the time. Despite the difficulties, Ok Nyeo grows up to introduce a human rights institution of Joseon to protect the weak.",7.3204,/exEyu7QoXweu45giEzIk6IqNfz8.jpg,2016-04-30,False,The Flower in Prison,5.16,25
322,False,/o3tS28maAJTDt9Zmnn4JvNv2Hix.jpg,"[18, 35]",202318,['KR'],ko,일타 스캔들,"The series follows the bittersweet relationship between a banchan shop owner whose daughter enters the war of Korea's college entrance exams, and a top hagwon instructor.",7.3148,/88rQREli2xtoDV6HToJysp71ZL7.jpg,2023-01-14,False,Crash Course in Romance,8.183,131
323,False,/aNuOZkfgqomIyZelnoO69DiSTam.jpg,"[18, 80]",316234,['KR'],ko,금색 밀실,"Jeongsu and Yuho awaken imprisoned in an unidentified locked room, forced to stand naked before one another. A mysterious man known only as X, camera in hand, coldly compels them to engage in forbidden acts of intimacy. Caught between fear and raw physical instinct, the two strangers are drawn into a distorted relationship shaped by coercion and desire. This is a brutal test of survival that pushes the limits of sensation. Before they are consumed by a cruel secret, they must uncover the true motive behind their captor's twisted game.",7.3104,/a2PXNesgj61eUbmtHQrwHkhShoP.jpg,2025-10-17,False,Secret,4.5,2
324,False,/87IhSzFxzvZIFmLOzfl4HJPe4p2.jpg,"[10765, 9648, 18]",119955,['KR'],ko,Dr.브레인,"Brilliant brain scientist Sewon suffers a horrific personal tragedy. Desperate to uncover what happened to his family, he conducts ""brain syncs"" with the dead to access their memories for clues.",7.3045,/3bYYLQAFWHsTtJyZb0vIReJJv07.jpg,2021-11-04,False,Dr. Brain,7.156,170
325,False,/j95mWCXaJrVnFKbeTF0YupMrV0N.jpg,"[18, 10751]",24633,['KR'],ko,인어 아가씨,"An estranged daughter vows to take revenge on her father, who abandoned her and her mother.",7.2974,/6fGAljQDfHDbYNKSAkUZ5RQVYLJ.jpg,2002-06-24,False,Story of a Mermaid,5.1,10
326,False,/wYO8Shc4w2FXsqGqSl1MSQtQT8U.jpg,[18],113710,['KR'],ko,도시남녀의 사랑법,"Heart stolen by a free-spirited woman after a beachside romance, a passionate architect sets out to reunite with her on the streets of Seoul.",7.2896,/ylSkgVyStX0DwSF8irjQVAf2P4H.jpg,2020-12-22,False,Lovestruck in the City,7.676,176
327,False,/5CmQ88vmoSGmJmY5kYY7JAry6x9.jpg,"[10759, 18]",224732,['KR'],ko,우씨왕후,"Upon the announcement of the king's death in Goguryeo, a fierce battle ensues among tribes. Queen Woo, who immediately becomes the target of princes and five tribes vying for the throne, struggles to crown a new king within 24 hours. Will Queen Woo be able to transcend the constraints of gender and era to carve out her own destiny?",7.2619,/wlV5cSDQ7LMVCCHxoS6OgzjyWK5.jpg,2024-08-29,False,Queen Woo,8.0,35
328,False,/oQzp6JxTqjESsEkWsnmGYgvP5Ur.jpg,[18],310033,['KR'],ko,붉은 진주,"A woman wrongfully believed to be dead returns with her child, while another woman assumes her twin sister’s identity to seek revenge. Years later, a woman who looks identical to a murdered daughter appears and abandons her own identity to avenge her father. As both women sacrifice their identities for revenge, what fate awaits them?",7.2548,/oX8k9Pzl8HSnoKuiwPawPIoNfyE.jpg,2026-02-23,False,Pearl in Red,0.0,0
329,False,/ixChl5jeDTc9mWnWtqMJwhadxSS.jpg,"[80, 18]",196906,['KR'],ko,닥터로이어,"The heartwarming story of a genius surgeon who becomes a lawyer specializing in medical crimes after losing a patient to a surgical malpractice. Cathartic and suspenseful, this medical and legal drama paints the courtroom like an operating room, where a life may end or be given a fresh start.",7.2417,/scDumcueQr2Cy5nh2s7xI6hTYOk.jpg,2022-06-03,False,Doctor Lawyer,7.3,55
330,False,/5b7VwobdAhp7NFCxxcEXSQNmaNe.jpg,"[18, 9648, 80]",217088,['KR'],ko,국민사형투표,"People are busy watching the screen. The person wearing a mysterious mask so called 'Gaetal' appears, and the Killing Vote begins.",7.2289,/b31zFi0ZocmaxxuPCAGxEA6uxGn.jpg,2023-08-10,False,The Killing Vote,7.683,60
331,False,/5oo7JW9BYPGOD9Tco6NobEUuRXk.jpg,"[80, 18, 9648]",218631,['KR'],ko,강남 비-사이드,"When Jaehee, a top call girl at a club in Gangnam, goes missing, Detective Kang Dongwoo returns to crack the case. Prosecutor Min Seojin aims to rise in rank, while the notorious pimp, Yoon Gilho becomes a prime suspect. They unravel a web of secrets and connections behind the case.",7.2253,/4aeXrl8cSzUt8FHjqsHyoyZUox3.jpg,2024-11-05,False,Gangnam B-Side,7.401,76
332,False,/2i4WbWTwMNTHAVuoAcAUrI05PP1.jpg,"[18, 9648, 35]",274570,['KR'],ko,이강에는 달이 흐른다,"In Joseon, a vengeful crown prince and a memory-lost merchant mysteriously swap bodies, unraveling a web of chaos, secrets, and unexpected fate.",7.213,/8oY99sA51CEpkmDpybpakfhEzsl.jpg,2025-11-07,False,Moon River,8.9,27
333,False,/sXT9JVUznUwwVy3LsYeD4kCwGgv.jpg,[18],223212,['KR'],ko,로얄로더,An ambitious boy grows up and joins an intense war of desires to become a star of his own.,7.2086,/ksIQrUoJERXBnVcxAxkMQDpzx3l.jpg,2024-02-28,False,The Impossible Heir,7.571,49
334,False,/2TMsmPv6RMR1XvqcZSsdci0QDeh.jpg,"[10765, 35, 18]",97219,['KR'],ko,"하이바이, 마마!","Cha Yu-ri died in an accident five years ago, leaving her husband Cho Gang-hwa to raise their daughter by himself. She becomes a ghost and watches over them until one fateful day she is brought back to life by the deities and told she can become human again if she returns to her place in 49 days. Though her husband has remarried, so she must decide between her or his happiness as she slowly re-integrates back into her old lifestyle.",7.2017,/mc5nLj2EM480d6tlxKsj2GRfsDC.jpg,2020-02-22,False,"Hi Bye, Mama!",8.1,456
335,False,/kjUEbsdm6ivhohLkaL4kYLMd7Hc.jpg,[18],135652,['KR'],ko,군검사 도베르만,An army prosecutor with ambitions of power and wealth finds his plans disturbed by an unyielding newbie with an agenda of her own.,7.187,/9FICze3QdBj1mJ0eUriroAJDFly.jpg,2022-02-28,False,Military Prosecutor Doberman,7.4,73
336,False,/pkoYXabVyrOI5zEm1LnrtLx2mAh.jpg,[18],203698,['KR'],ko,대행사,"A self-made executive navigates the cutthroat world of advertising, stopping at nothing — no matter how calculating — to become the head of her agency.",7.1775,/oYdIM32I4kXCBbHjdZdy1spH4M6.jpg,2023-01-07,False,Agency,6.706,34
337,False,/sa9igU1XIER6bMgtZ2Ejfo1KsD8.jpg,"[10765, 35, 18]",270420,['KR'],ko,오늘부터 인간입니다만,"Imbued with the power to grant wishes, a cynical nine-tailed fox's life takes a turn when she encounters a soccer player — altering both of their fates.",7.1713,/bSX49M4tjDsnC8dOVQxt1sLgH6z.jpg,2026-01-16,False,No Tail to Tell,7.91,50
338,False,/37grkDpzkHpGvzj1QRnHhqdpXfA.jpg,[18],126698,['KR'],ko,너는 나의 봄,A hotel concierge and a psychiatrist with traumatic childhoods form a heartfelt bond when they become entangled in a perplexing local murder case.,7.169,/elwXwSRBJHxLqOtSYFztytB7vj.jpg,2021-07-05,False,You Are My Spring,6.4,31
339,False,/s5blC7jMtAOHcFxmdADqwHBby0X.jpg,[18],96164,['KR'],ko,부부의 세계,"Ji Sun Woo is an associate director of a family clinic with a perfect life—a great career, married to a handsome, young-looking man, mother to an adoring son, and surrounded by seemingly caring friends. She couldn't be more content. Lee Tae Oh, her husband, is an aspiring movie director. However, when his temptation leads him to betray Sun Woo along with the people around her, she gets driven to revenge. The perilous twists-and-turns of a married couple's life unfolds.",7.163,/240WwUgMGGgIF4gUWg0ecVfSeKE.jpg,2020-03-27,False,The World of the Married,7.5,72
340,False,/1hj8NWPGUzP6irgiPywmJwCh9Kc.jpg,[18],316352,['KR'],ko,대리,"Jae-hoon is a timid man who works as a designated driver to make ends meet after being unfairly fired. When he becomes the target of violent exploitation by Jun-hyuk, a drunken team leader at a major corporation, he finds himself trapped in an abnormal relationship marred by power and emotional dependence. Within this toxic cycle, Jae-hoon struggles to reclaim his lost dignity and humanity.",7.1527,/r2vEkgmLQsmTa8O1mJVS57UtdIy.jpg,2026-02-20,False,Proxy Driver,4.333,3
341,False,/2gXm6JK2r0KYEaInX3sWr5WwD6H.jpg,[18],154887,['KR'],ko,나의 해방일지,"Three siblings, exhausted by the monotony of day-to-day adulthood, seek to find fulfillment and freedom from their unremarkable lives.",7.1466,/olmfFeKZyQoTwj9Zo3Y5IUaioPB.jpg,2022-04-09,False,My Liberation Notes,7.885,96
342,False,/yenAWht4P9vtwKVEoUOskKoc4d2.jpg,"[18, 35, 80, 9648]",80919,['KR'],ko,서른이지만 열일곱입니다,"Gong Woo-Jin is a 30-year-old single man and he works as a set designer. Due to a trauma he experienced 13 years ago, he does not want to have a relationship with others. When Woo Seo-Ri  was 17, she fell into a coma. 13 years later, she wakes up from her coma. Her mental age is still that of a 17-year-old, but she is now 30-years-old. Gong Woo-Jin and Woo Seo-Ri get involved with each other and fall in love.",7.1064,/rufDz8f0SD86RyFwDNSQUROK51s.jpg,2018-07-23,False,Still 17,7.967,75
343,False,/wyCQovekJ10HnmqCE3lPNaoGDde.jpg,"[18, 9648]",223326,"['KR', 'US']",ko,북극성,"Seo Munju, a highly accomplished diplomat and former ambassador to the United Nations, and Sanho, an international special agent shrouded in a veil of secrets, race to uncover the truth behind an attack that threatens the future stability of the Korean peninsula.",7.1057,/cCSOw482P0el3ioDnZEDhggrQoj.jpg,2025-09-10,False,Tempest,7.553,85
344,False,/9eEu31KfGdDDYtAgtClEgAvVV4C.jpg,"[18, 80, 9648]",158865,['KR'],ko,블라인드,"A homicide squad detective, suspected of serial murder, searches for the real culprit.",7.0685,/qHoH58my1xhHc0jYpvPcDFXZrsf.jpg,2022-09-16,False,Blind,8.132,53
345,False,/6oxQe4fyYJQT77NBNLQzbW7pf4Z.jpg,"[35, 9648, 10765, 18]",75123,['KR'],ko,화유기,A self-serving mythical creature's bid for invincibility backfires when he finds himself at the mercy of a woman who can see otherworldly beings.,7.0595,/uJfF9m2bDXZf6Lng8kkyd0o0Qjz.jpg,2017-12-23,False,A Korean Odyssey,8.061,312
346,False,/5auQnyJ0jQfiYlg88lsW0pCLBRJ.jpg,"[35, 18]",63767,['KR'],ko,그녀는 예뻤다,A former ugly duckling tries to track down his childhood first love. But what will happen when a case of false identities backfires?,7.0512,/sIsUgKIFYAASpvvV5Aaip2xa7Zd.jpg,2015-09-16,False,She Was Pretty,8.274,979
347,False,/y3Xl4Q67VPoppDazY63XDvjKwle.jpg,"[35, 18, 10765]",37636,['KR'],ko,시크릿 가든,"A wealthy young man and a poor stunt woman fall for each other, but when their souls swap they soon learn how different their two worlds are.",7.051,/2G5m6cMGN5DR5GsGGdg9OcgNNlG.jpg,2010-11-13,False,Secret Garden,7.482,142
348,False,/wApbr6dC602QMnoCMdRvfV4aMKq.jpg,"[18, 35]",137094,['KR'],ko,연애대전,"For an attorney who despises losing to men and an A-list actor who distrusts women, love means nothing — until they're forced to date each other.",7.0451,/ifOXQyDvpVnZvKq7pR8fujtbeQk.jpg,2023-02-10,False,Love to Hate You,8.2,126
349,False,/bCmjSY2gFtAi4OlQpIzvbwoewpg.jpg,[18],57788,['KR'],ko,구암 허준,"Drama depicts the dramatic life of historical figure Heo Joon, who wrote the oriental medical textbook ""Donguibogam"" and became physician for King Seonjo.",7.0384,/5a9z96cN1kJN81j7jpp7y6AS76f.jpg,2013-03-18,False,"Hur Jun, The Original Story",3.5,6
350,False,/xpHwnBt9L27JekP1UhBqTH5nU6L.jpg,[18],71748,['KR'],ko,7일의 왕비,"In the Joseon period, a noblewoman from a powerful clan marries the Crown Prince but is deposed after only seven days as queen when he becomes king.",7.0182,/S4RzpajATNmKbI76IDDUJNJdsH.jpg,2017-05-31,False,Queen For Seven Days,6.2,32
351,False,/4iOn2DS2pWdmitpB0zMBZYODyMS.jpg,"[10759, 18]",21013,['KR'],ko,일지매,"Set during the Joseon Dynasty, Ryung acts as a useless gangster in the marketplace by day but at night he is a chivalrous robber who robs corrupt government officials to give to the poor. After each robbery he leaves behind a wooden branch from a plum tree at the site of the robbery to take responsibility for the robbery. The poor citizens only know him as Iljimae. Bong Soon is a hilarious girl with good martial art skills and lives as a swindler. She only loves Ryung and sacrifices her whole life for him. Eun Chae is a government official's daughter and is good in nature and usually helps miserable people. She meets Iljimae once by chance, and their sweet love story begins. However, her love puts Iljimae in a dangerous situation because an Imperial Guard also loves her.",7.0148,/iJ0LuRyz3uLhdQB9HT2Vmoao0Os.jpg,2008-05-21,False,Iljimae,6.9,27
352,False,/bHv9tTPd0dxpV2OD3WeDoZOFzPQ.jpg,"[35, 18]",297424,['KR'],ko,우주를 줄게,"Two in-laws forced to raise their orphaned nephew together slowly overcome their misunderstandings, finding personal growth and an unexpected romance through co-parenting under one roof.",7.0012,/d0ZW2r5L8Ma50gvkvSY7BZSE6fb.jpg,2026-02-04,False,Our Universe,8.1,81
353,False,/qK4wHkIaq2qnJs1iOUJES8wDY5X.jpg,"[35, 18, 9648]",81821,['KR'],ko,백일의 낭군님,"Lee Yool falls off a cliff and nearly dies in an attempted assassination. He loses his memory, and wanders for 100 days under a new name and personality. During this period, he meets Hong Sim, head of the first detective agency in Joseon.",7.0004,/5GoF6fZGqEycUqgcCNmBCN3OdWM.jpg,2018-09-10,False,100 Days My Prince,7.9,175
354,False,/bBKE6Sl9NnueGw1qK2HkrlNaIKG.jpg,[18],196474,['KR'],ko,너의 시간 속으로,"A grieving woman magically travels through time to 1998, where she meets a man with an uncanny resemblance to her late love.",6.9856,/b5Rmy2xJekCNY7raZEjpYPyhf6h.jpg,2023-09-08,False,A Time Called You,8.3,215
355,False,/5O0MHAS4cA6PvhNOyDiVmv4w2U4.jpg,"[35, 18]",68945,['KR'],ko,마음의 소리,"Comedy following Cho Seok's ridiculous but hilarious adventures with his girlfriend-turned-wife Ae Bong, their dogs, older brother Jo Joon, and parents. Based on the popular webtoon series of the same name.",6.9713,/l2EzNJQNh2onlefGuucboFy8WV8.jpg,2016-11-07,False,The Sound of Your Heart,7.864,33
356,False,/5R7xT8NCl8XkUqmQWaQP2OAKpy.jpg,"[80, 18, 9648]",146102,['KR'],ko,악의 마음을 읽는 자들,A team of tenacious detectives study the minds of murderers at a time when Korea's first serial murders terrorized the nation. Based on true events.,6.9583,/8sJW1IHZ4FQnHeE4cJIbR18L7If.jpg,2022-01-14,False,Through the Darkness,7.806,54
357,False,/bEsFJEgOrKj4Na2YuESu7iI0CDO.jpg,"[18, 35]",89410,['KR'],ko,검색어를 입력하세요 WWW,"The stories of ambitious career women working at the top of the best portal sites in the IT industry. Paved with wins and losses, their road to success takes a new turn when love comes along the way.",6.9176,/pJWBoZjY5kUivY47KWxiaJ08bvs.jpg,2019-06-05,False,Search: WWW,8.019,106
358,False,/yK9sj3YXZzVS2TNMHC3nGUpmWWM.jpg,[18],315371,['KR'],ko,사내에서는 정숙할 것,"Nayul was at her breaking point. Between the crushing workload and her detestable boss, Kwon Sijin-a man who perfected the art of trampling on dignity-she'd had enough. At 11 PM on a Friday, driven by pure rage, she stormed into his office. There, time froze. Nayul stood paralyzed, having caught her ""perfect"" yet perverted boss in the middle of a private, lewd act during overtime.",6.9,/vFLIh9TtftT4lz6g2rDpiogze7g.jpg,2026-02-12,False,Quiet in the Office!,4.0,2
359,False,/C8FKBkJsUMV5ezhhupvA0lmX2w.jpg,[18],258256,['KR'],ko,우리영화,A director with no future and an actress with no tomorrow fall into a love story that cannot wait.,6.8877,/4tEVuEVaPUvfddItXAEcL8zxOxr.jpg,2025-06-13,False,Our Movie,8.6,21
360,False,/uMLihaxfbeCvraDmER37t2jTNKi.jpg,"[18, 10765, 35]",116386,['KR'],ko,어느 날 우리 집 현관으로 멸망이 들어왔다,A woman with only a short time to live and a man with the supernatural power to bring the world to an end discover the true meaning of life and love.,6.8824,/tgsWD4dJI5YFY8Kyk6vVjZoIKfO.jpg,2021-05-10,False,Doom at Your Service,7.929,537
361,False,/aAjm3w7Gnjw7HDe5UQ0BbTec7S2.jpg,"[80, 18]",275593,['KR'],ko,착한 여자 부세미,A bodyguard hides in a village as a kindergarten teacher to avoid her boss' enemies – but faces a new challenge in a skeptical strawberry farmer!,6.8573,/doszeGOrPOZsbPZy324EKbQw4xC.jpg,2025-09-29,False,Ms. Incognito,7.8,24
362,False,/3N6effQUWb64LeWUflfiB59BXNW.jpg,[18],99477,['KR'],ko,그 남자의 기억법,A deep connection forms between a news anchor who remembers every moment he's ever lived and an actress who's lost the memories of her past.,6.8553,/u7bCi8AoLID1ykXogzL5a4mAL0o.jpg,2020-03-18,False,Find Me in Your Memory,8.049,41
363,False,/5BUjoYhxbWEcoI0D9o3ohvunHGF.jpg,"[18, 9648]",286094,['KR'],ko,태양을 삼킨 여자,"Depicts the story of Baek Seol Hui, a single mother who runs a snack bar and raises her daughter alone, confronting a chaebol family for her daughter's revenge.",6.8282,/3jAWAxJn3b4C2JS2pzDEja6zmmp.jpg,2025-06-09,False,The Woman Who Swallowed the Sun,6.5,2
364,False,,[18],70755,['KR'],ko,설중매,"The third episode of 500 Years of Joseon Dynasty deals with the period of history spanning from the reign of King Munjong, the first son of Sejong, to the chaos of Yeonsangun's rule.",6.8237,/7WsUU57VUKkeGoFPCUWF9ksFiLh.jpg,1984-01-09,False,The Ume Tree in the Midst of the Snow,0.0,0
365,False,/i6rkuzYRCBYUSYZJItWzBVAQ2j6.jpg,"[10765, 35, 10759, 18]",93657,['KR'],ko,어쩌다 발견한 하루,"When a high-school girl finds that she is merely a character from a comic book whose destiny is decided by the writer, she decides to change the plot to suit her desires and find the love of her life.",6.8081,/vse6Aq2BGz1CI2pa1JbOmyjXM37.jpg,2019-10-02,False,Extraordinary You,8.019,216
366,False,/xweysZlq1zHoOiNR0CpT3gwBcqx.jpg,"[80, 10759, 18]",78796,['KR'],ko,무법 변호사,"Driven by the desire to avenge his mother, a former gangster turned lawyer uses both his fists and the loopholes in law to fight against those with absolute power.",6.799,/xxYjcLQQzM0E97JGsdpz5ydGDuC.jpg,2018-05-12,False,Lawless Lawyer,7.5,77
367,False,/cTIfK6Vdp4B1fljaRFjMWrzavC.jpg,[18],133775,['KR'],ko,블랙의신부,"Through an exclusive matchmaking agency, women strive to marry a desirable bachelor and into the highest echelon of society.",6.7907,/hqABG0jPug0NoFpCcJYAtrRdIk3.jpg,2022-07-15,False,Remarriage & Desires,7.347,62
368,False,/9ijZyKSdaRR6zUUe7hhEzNE0Yxm.jpg,[18],230524,['KR'],ko,완벽한 결혼의 정석,"Waking from a fatal accident to find herself in the past, Han Yi-joo teams up with Seo Do-guk to take revenge on the family who never loved her.",6.7397,/5iqVjyWAfXAFMim0Fi5QS6jUNPq.jpg,2023-10-28,False,Perfect Marriage Revenge,8.0,84
369,False,/cPLtnxTlFpCIyH6AkGNuGCluvY1.jpg,[18],126035,['KR'],ko,"알고있지만,",The intoxicating charm of a flirtatious art school classmate pulls a reluctant love cynic into a friends-with-benefits relationship.,6.7382,/pWIcIhpQibR1eDU0As4HRZeb8EL.jpg,2021-06-19,False,"Nevertheless,",7.313,230
370,False,/sP0R5F8fkVM0eHcRFXr012rzNAM.jpg,"[35, 10765, 18]",154822,['KR'],ko,별들에게 물어봐,"From two different worlds and with separate missions, an astronaut and a space tourist entangle in space — only to start falling for each other.",6.7235,/pdOiUbJ0vEJfh5OGFG8y1e4InQ7.jpg,2025-01-04,False,When the Stars Gossip,7.418,55
371,False,/krHw0jXMwOdGfWAxnQdf5IyQQR6.jpg,"[35, 18]",97957,['KR'],ko,어서와,"What if your cat was capable of turning into a charming boy? After taking time off, Sol Ah returns to school as she finds herself a place to live alone. Per her friend’s favor, Sol Ah takes in a cat named Hong Jo, and a story of the life of two housemates unfolds. However, Sol Ah is not aware that the cat, Hong Jo, has the ability to shapeshift into a human. Sol Ah’s friends start to notice weird things about Hong Jo whenever they run into his human form. Things are about to change around the peaceful single-resident complex, and Hong Jo finds it difficult just being a mere cat whenever Sol Ah is too busy with her life to pay attention to him. Will Sol Ah be able to recognize Hong Jo in his human form? Sol Ah and Hong Jo “Welcome!” you into their romance fantasy story.",6.723,/c3lOg4UdBfx1yPFgMFToRmmsFkY.jpg,2020-03-25,False,"Meow, the Secret Boy",6.8,24
372,False,/bs4dKirjLPX6EJgJcvqLVph7LDO.jpg,"[35, 18]",61678,['KR'],ko,미생,"Since he was a child, the board game baduk has been everything to Jang Geu-rae. But when he fails at achieving his dream of becoming a professional baduk player, Geu-rae must leave his isolated existence and enter the real world armed with nothing but a high school equivalency exam on his resume.",6.7113,/ii4FKpUdiS40oBh62YgeiyL2hx2.jpg,2014-10-17,False,Misaeng: Incomplete Life,8.6,76
373,False,/vJMoMgjavkgkaUBDGQVVv4OjTjf.jpg,"[80, 9648, 18]",271309,['KR'],ko,보물섬,"Seo Dong-ju, who hacked a political slush fund worth two trillion won, risks it all for revenge.",6.7051,/vKf5h2xEtmTSp4GcYXPOUWdocQ7.jpg,2025-02-21,False,Buried Hearts,8.352,54
374,False,/hGtx3dAB6x0ShXpDk4BBvt74Mtx.jpg,"[18, 35, 10765]",99654,['KR'],ko,18 어게인,"At a difficult place in his marriage and career, a middle-aged man gets a shot at a do-over when he's transformed back into his 18-year-old body.",6.6987,/jwrumjdNdtlHRzthQEj9HmxehcR.jpg,2020-09-21,False,18 Again,8.339,270
375,False,/eLYl5eTzUpNighiGnegrwMzC5hc.jpg,[18],116671,['KR'],ko,미스 몬테크리스토,"A suspenseful revenge drama about a woman whose life was destroyed by the friends she trusted most. After making up her mind to take revenge on those who betrayed her, she returns to reclaim the life that was stolen from her.",6.6932,/k2MfaEjDiDnTdYQrCYMO4grgvif.jpg,2021-02-15,False,Miss Monte-Cristo,6.0,7
376,False,/mMvS3x6QVpZQd4ieJJj2DKi1VcW.jpg,"[18, 10759]",100998,['KR'],ko,계약우정,"Park Chan-Hong is an ordinary high school student. He has talent for writing and he gets pressured by his parents about his studies. Park Chan-Hong doesn't have any specific dreams. He is friends with Eom Se-Yoon, who attends the same high school. She is popular at school. Meanwhile, Heo Don-Hyeok is classmates with Park Chan-Hong. Heo Don-Hyeok is not interested in studying and he works to pay for his living expenses. One day, Heo Don-Hyeok saves Park Chan-Hong from a school bully. To pay for his rent, Heo Don-Hyeok asks to borrow 300,000 won ($270 USD) from Park Chan-Hong. Park Chan-Hong lends him the money, but that money was supposed to pay for his private institute tuition fee. After school, Park Chan-Hong now doesn't have a place to go. He begins to spend time with Heo Don-Hyeok.",6.6531,/h1jGR9Gf8V6qz3HHYNw1gqTpRuH.jpg,2020-04-06,False,How to Buy a Friend,5.5,6
377,False,/6C5m9nzCTB0ijS9PjYus0eTYpct.jpg,"[18, 10759, 9648]",84107,['KR'],ko,황후의 품격,"In an alternate-reality South Korea, where a constitutional monarchical system prevails, Oh Sunny, a musical actress, becomes the empress of the country. Thus begins a dispute for power in the royal palace. Nothing is what it seems, and Oh Sunny is ready to fight until the end to uncover a mysterious homicide within the royal palace, fighting to protect those she loves the most and obtain happiness.",6.651,/kWJw89ce4gxGREKxaFSiQmETWQN.jpg,2018-11-21,False,The Last Empress,6.259,27
378,False,/5vqZX640ttf7pCoK7g2dTMIHkjl.jpg,"[35, 18]",64320,['KR'],ko,오 마이 비너스,"Dumped by her boyfriend of 15 years for gaining weight, a lawyer gets help from a hotshot personal trainer to get in shape and turn her life around.",6.6461,/eMG9OMlqYEqN0NSYFOs6xU0RcI8.jpg,2015-11-16,False,Oh My Venus,8.1,390
379,False,/22kJFY1PBSWNsQ4dBJvaaBNgM62.jpg,"[10765, 10759, 18]",274875,['KR'],ko,트웰브,"A group of heroes, each embodying one of the 12 zodiac signs, battles to defend the Korean Peninsula from malevolent spirits.",6.6332,/6q66Psq2cDrCsoz8cGDVa6gFmMm.jpg,2025-08-23,False,Twelve,7.157,51
380,False,/1uoxcWjmrJTKtzZPb5kuH8LcCnf.jpg,"[9648, 18, 80]",81822,['KR'],ko,손: The Guest,"The story of a psychic, a priest, and a detective who fight unusual crimes committed by strange powers.",6.633,/5Y0apzo2oc0dBjDKQRZR7vjGRC7.jpg,2018-09-12,False,The Guest,8.04,100
381,False,/vvvwefAwrJ9xaVrFOuk8BKQfvIK.jpg,"[18, 80]",60956,['KR'],ko,닥터 이방인,"As a child, Park Hoon and his dad were kidnapped and taken to North Korea. He grew up there, learning to be a doctor just like his father. When Park Hoon escapes back to South Korea and begins work at a prestigious hospital, he makes it his goal to earn enough money to go back to North Korea to rescue his true love. He'll do anything to find her, but then he meets and falls for a mysterious woman who looks exactly like her.",6.623,/odH9cebqUNHKh1p6BKVSs0gsD34.jpg,2014-05-05,False,Doctor Stranger,8.028,304
382,False,/cSsyZcpNGoqNwR4dMtUQn0ugKCv.jpg,[18],67483,['KR'],ko,불어라 미풍아,"The romance between a bright woman, Mi-Poong, who defected from North Korea and a man, Jang-Go, in Seoul who is a stickler for the rules. Conflicts also arise over a 100 billion won inheritance.",6.6128,/eC7VRh4Bc7W1UBFIGWgB6yNt5LE.jpg,2016-08-27,False,Windy Mi Poong,6.1,9
383,False,/duXUA6kzqCa56MNfUqoJQa6c6Gg.jpg,"[35, 18]",281005,['KR'],ko,경도를 기다리며,"In their twenties, Lee Kyeong-do and Seo Ji-woo part ways after two passionate relationships. A decade later, they meet again as a reporter who covers an adultery scandal and the wife of the man at the center of that scandal. Reuniting in their late thirties, their youth has passed, but their love remains vivid. Kyeong-do now strives to prove to her and to himself that he still loves her.",6.5546,/k9xPcIsxXbc1Xuf45K0FU8yM2m5.jpg,2025-12-06,False,Surely Tomorrow,7.703,32
384,False,/eMNbpi34w4PJTR6mWDqVF8aZzxj.jpg,"[18, 9648]",200794,['KR'],ko,마녀,"The story of a woman who is kicked out of her village and called a ""witch"" when the men that she likes get hurt or die, and a man who risks his life to try to save her from the law of death.",6.5518,/AeBzGdbXlSm0FQyhKyYvfr0ugZl.jpg,2025-02-15,False,The Witch,7.6,37
385,False,/nipbnsKUPLeylYhYdW0DwMtSmFt.jpg,"[18, 10759]",230926,['KR'],ko,탁류,"The fates of a man with a hidden past, a wise and just woman, and an upright man intertwine.",6.5411,/gj1Qde71tlF5ylNCfOHuanWw48J.jpg,2025-09-26,False,The Murky Stream,7.859,32
386,False,/bTN0rZp2QoEpSJ8ILXAZgn7dc01.jpg,"[9648, 18]",110533,['KR'],ko,지리산,"A team of expert mountain rangers put their lives on the line to save stranded trekkers, solve haunting mysteries and protect Jirisan National Park.",6.5071,/7oAKJBoeMICBkyaANQHFPU9fDFD.jpg,2021-10-23,False,Jirisan,8.1,82
387,False,/pnKlgwSHfBcsz7zt4acZPwdvDlQ.jpg,"[18, 10765]",80741,['KR'],ko,아는 와이프,"After receiving a bizarre chance to go back in time, a man wakes up to find that his whole life — including the person he married — is different.",6.4998,/ds84fVavAJX872qh4kUHAfqjp3b.jpg,2018-08-01,False,Familiar Wife,8.079,164
388,False,/4CBmRPtGw61oQSnuBB9q6GwBsqs.jpg,"[35, 18]",87553,['KR'],ko,그녀의 사생활,"An art curator's life unravels, as she tries to keep her pastime as a die-hard K-pop fan secret from her gallery's new director.",6.4838,/kmJuX16jqGgRSMk6NeA4VdBqdUF.jpg,2019-04-10,False,Her Private Life,7.6,122
389,False,/lZwubw2MvdeSE48U0pk5W2AK8D9.jpg,[18],132925,['KR'],ko,옷소매 붉은 끝동,"Based on a novel of the same name, it tells the record of a royal court romance between the King of Joseon who believes his duty is to his country first above love, and a court lady who wants to protect the life she has chosen.",6.4686,/1AZK2bnsmu5PIbkfxFkKbrjf5Oo.jpg,2021-11-12,False,The Red Sleeve,7.547,64
390,False,/qo2rqkXp26GUPHYAmtiQjMXSkzJ.jpg,"[18, 10751, 10749]",64040,['KR'],ko,"내 딸, 금사월","A family has been dismantled by revenge and hate, but Geum Sa-Wol (Baek Jin-Hee) attempts to build up a dream house for the dismantled family.",6.4672,/vco43NA1Hn8qthz95n1hkRKyK3P.jpg,2015-09-05,False,"My Daughter, Geum Sa-Wol",5.8,6
391,False,/wDPdTGrAMvMgYryojcCUzesgUBX.jpg,"[35, 18]",66082,['KR'],ko,또 오해영,Two women working in the same industry with the exact same name keep getting their lives entangled both professionally and personally.,6.4441,/rvXTuQf2T6dt1C30z4Tuqy5R7d0.jpg,2016-05-02,False,Another Miss Oh,8.238,254
392,False,/1IHECJ4gRYWRAvZImLfxza1Bm9V.jpg,"[35, 18, 10751]",70194,['KR'],ko,아버지가 이상해,"Mi Yeong, Hye Yeong, Ra Yeong, and Joon Yeong are the kids of Yeong Sil and Han Soo. They seem like the average Seoul family, with the typical Seoul problems, but that all changes when Jung Hui, an actor, and former K-Pop idol, ends up in their doorstep claiming that Han Soo is his biological father. The family goes through thick and thin, one marriage after the other, trying to figure out why their father happens to be strange.",6.442,/sPazX2eFbL5NPAYBDzAlXaT7Vo7.jpg,2017-03-04,False,My Father is Strange,7.5,14
393,False,/sfagVOgXVONyDAOI4BjnofLcYpv.jpg,"[18, 35, 9648, 80]",156888,['KR'],ko,마스크걸,An office worker who is insecure about her looks becomes a masked internet personality by night — until a chain of ill-fated events overtakes her life.,6.4204,/3O8uTUpt76ShtEtNNrOJpcwQROH.jpg,2023-08-18,False,Mask Girl,7.4,192
394,False,/bIoTx0qKFYG7oYcCveV9APAtmM0.jpg,"[18, 10765]",45579,['KR'],ko,해를 품은 달,"Years after she's assumed dead by the palace, a young noblewoman, now trained as a shaman, returns to court to reclaim her rightful position as queen.",6.4147,/zr6XJUtT61gWhWwjPIraY13SkAE.jpg,2012-01-04,False,Moon Embracing the Sun,7.943,236
395,False,/gK917z943wHL22zLRv48hdckIY0.jpg,"[10759, 18]",40016,['KR'],ko,무사 백동수,"Warrior Baek Dong-soo is a 2011 South Korean fusion historical/action television series starring Ji Chang-wook, Yoo Seung-ho, Yoon So-yi, Shin Hyun-bin, Choi Min-soo and Jun Kwang-ryul. It aired on SBS from July 4 to October 10, 2011 on Mondays and Tuesdays at 21:55 for 29 episodes. Based on the 2010 comic Honorable Baek Dong-soo by Lee Jae-heon, the series is about how Joseon historical figure Baek Dong-soo grew to become a swordsman and folk hero. Baek was one of the three authors of Muyedobotongji, a pivotal martial arts work commissioned by King Jeongjo. Set against the backdrop of political maneuverings in Joseon between different factions, namely those led by King Jeongjo, by the Qing ambassador, by the Japanese swordsman Kenzo, and the assassin's guild Heuksa Chorong, at its core the series is a coming-of-age drama about brotherhood, friendship, loyalty and honor.",6.4107,/aRsoKkHfAv7YqiYd2N1L26PMyRv.jpg,2011-07-04,False,Warrior Baek Dong Soo,6.2,15
396,False,/kbeTlKwpYH7lCa1b9cYY4jXfbio.jpg,"[18, 35]",210586,['KR'],ko,보라! 데보라,"Dating coach Bo-ra, whose relationship is failing, and prickly publisher Su-hyeok team up to save Bo-ra’s love life for the sake of her upcoming book about dating. The collaboration results in the mind game of romance.",6.4051,/oyY2NRn9J1onVAx7NE0ncULtJur.jpg,2023-04-12,False,True to Love,7.667,51
397,False,/oB3SctZyR8zlWQhFUSMn8tPWnSh.jpg,"[9648, 18]",210702,['KR'],ko,악귀,A woman possessed by an evil spirit and a man who can see evil spirits uncover the secrets of mysterious deaths surrounding five spirits.,6.4033,/o2Sk7VEZpR5WOCjtjO6ClGBKSji.jpg,2023-06-23,False,Revenant,7.9,92
398,False,/bJfkWXQDKLEdEzwakrEArAqtISP.jpg,"[35, 18]",155459,['KR'],ko,사장님을 잠금해제,"At the brink of his death, the CEO and founder of an IT company's spirit gets stuck inside a smartphone and enlists the help of a young man to do favors on his behalf in exchange for 10 billion won.",6.3984,/8SmsIBU2v4AWNNhFi5qfSUOT4ZN.jpg,2022-12-07,False,Unlock My Boss,7.4,39
399,False,/gBjn4m2ERf76kcd8YorUbgxacDV.jpg,"[10759, 18, 80]",39346,['KR'],ko,시티헌터,"The story takes place in Seoul, 2011. Lee Yoon-sung is a talented MIT-graduate who's working on the international communications team at the Blue House. He encounters dangerous situations while solving a variety of cases, both big and small, for people who need his help, and eventually becomes a ""city hunter.""",6.3881,/dbvXhmKr18oHdY7kwkeRXAbfDvD.jpg,2011-05-25,False,City Hunter,7.486,105
